date,S15,S16,S17,S19,S3,S5,S1,S8,S7,S9,S11,S6,S10,S12,S2,S13
6/1/2020,0,0,0,0,1.9,0,0,0,8.7,0,0,1.4,0,0,0,0
6/2/2020,0,0,0,0,0,0,0,0,0,1.3,4.4,0,5.5,0,0,11.8
6/3/2020,0,24.3,12.4,2.1,0,0,0,0,0.8,50.2,11.8,1.4,0,0.6,0,0.6
6/4/2020,30.1,21.7,28.7,13.5,0.4,0,0,1.2,0.5,0,0.5,0.5,49.5,7.4,4.8,2.4
6/5/2020,0,0,0,0.4,19.8,20.5,0,0,0,0,0,0,2,0,0,1
6/6/2020,8,0,0.8,22.7,0.8,0.5,0,0,0,0,3.6,14.6,12.5,8.8,0.8,3
6/7/2020,10,23.2,9.4,6.6,18.8,5.4,23,1.1,2.1,5,12.3,5,8,6.6,13.3,0
6/8/2020,0,0,0,15,6.2,0.7,24.5,0,0,1.4,1.8,0,0.5,2,1,20
6/9/2020,0,2.7,0,3.5,0,0,2.1,0,0,0,0,0,0,4.8,0,0.2
6/10/2020,0.3,0,0,1.4,0,1.2,9.7,0,0.4,3.7,0,2.3,12,0.4,0,0
6/11/2020,0,0,0,0,0,0,9.4,0,0,0,0,0,0,0,0,0
6/12/2020,7.2,0,0,0,0,0,0,0,0,0,0,0,8,0,0,0
6/13/2020,0,0,0,0,0,0,2.6,0,0,0,0,0,0,0,0,0
6/14/2020,8.7,0,24.4,4,0,0.5,19.8,2.6,3.4,0.2,0.2,32.3,2.2,1.4,1.5,0
6/15/2020,32,0,1.1,11,7.5,1.7,4.3,59.1,1.4,13,0,0,7,0,0,0
6/16/2020,0,0,0,4.2,2.7,6.8,3.5,0,0,5.8,0,9.7,1.5,1,9.6,0
6/17/2020,5.2,14.6,12.5,14,8,12,1.5,6.3,16.2,9.2,10,5,11,9.6,4.1,1.8
6/18/2020,3.8,0,1.4,2.5,9.3,8.2,1.4,4,4.9,3.5,16.2,6.2,12,11.6,4.4,10
6/19/2020,1.5,12.5,1.8,3.2,0.1,0.5,14.9,3,8,1.9,0,0.8,7.5,2.4,0,15
6/20/2020,0.4,0,0,4,0.4,0,50.2,2.9,0,0,0,0,1,0,0,0
6/21/2020,0,0,0,8,0,0,0,1.4,0,0,0,1.2,20.5,3.8,0,0
6/22/2020,0,0,0,0.3,1.6,1.1,0,0,0,0.7,0,13.2,27.8,0,0,0
6/23/2020,4,17.9,5.2,29.3,2.5,3.2,0,6.5,9.8,1.1,25.4,2,8.5,22,0,10
6/24/2020,0,0,0,0,0.3,0,0,0,6.1,4.2,1,5.4,18.4,0,0.6,12
6/25/2020,0.7,0,9.8,3.6,13.9,11.4,0,0,0.7,0.3,7.5,0,0.6,1.6,0,0.2
6/26/2020,73.3,72.9,33.4,19.9,18.5,19.5,38.2,60.1,38.1,101.7,12.4,16.7,24,3.2,60,1.8
6/27/2020,1.6,0,1.2,20,0.5,1.2,0,0,0.9,2.5,28.2,3,9.5,15.2,0,7
6/28/2020,0,0,0,0,0,0,0,0,0,0,0,0,3.8,0.2,0,0
6/29/2020,0,0,0,0,0,0,0,0,0,0,0,0,0,0,0,0
6/30/2020,0,0,0,0,5.6,0,0,0,2.3,0,0,0,0,0,0,0
7/1/2020,16.1,26.2,0,0,0,3.2,3.6,0,3.1,0,0,15.2,0.5,9.2,0,0
7/2/2020,0,0,0,2.1,0,0,0,2.9,0,0,9.8,11.8,22,7,4.6,0
7/3/2020,1.9,0,0,8.5,6.9,4.8,6.5,0,0,5.2,0,0,1,0,0.4,3.7
7/4/2020,0,0,0,5.3,1.6,0,0,0,0,0,0,1.2,5.6,2,0,0.6
7/5/2020,0,0,4.9,2,0,0,0,0,0,0,0,1,15,2.6,11.7,0
7/6/2020,0,0,0,0,0,0,0,0,0,0,0,0,0,0,0,0
7/7/2020,18.7,54.5,3.5,26.3,15.7,5.6,4.3,19.5,4.4,40.8,12.5,17.5,8,22.6,10,39.5
7/8/2020,6.8,0,4,4.9,0.2,4.5,0,1.5,0.9,0.4,3,5.9,4,2,0,11.9
7/9/2020,0,0,0,0.8,0,0,0,0,0,0,0,0,0.5,0.2,0,0
7/10/2020,0.4,0,0,1.7,0,0,0,0,0,0,0,0,0,0.4,1.7,0
7/11/2020,0,0,0,0,0,0,0,0,0,0,0,0,0,0,0,0
7/12/2020,34.9,96.5,19.2,11.4,14,33,46.5,37,36.2,7.3,0,19.7,12.2,8.5,64.4,40
7/13/2020,1.2,0,0,3.5,2.7,3,14.5,0,7.3,1.9,6.2,23.8,31.5,0.2,24.8,2.9
7/14/2020,0,0,0,19.5,0.2,1,2.3,0,0,0,0,0,6.5,3,0,0
7/15/2020,0,0,0,2.5,0,0,6.7,0,0.7,0,0,0,45,20.2,0,0
7/16/2020,3.1,0,0,8.9,3.2,1.2,0,0,0,0.2,0,0,11.5,0.5,0,6.5
7/17/2020,22.5,68.6,31.5,11,57.3,40.5,30.7,28,23.6,48.5,0,22,49.5,6.2,9.8,0
7/18/2020,0,0,0,0,0,0,1.5,0,0,0,0,0,0,0,3,0
7/19/2020,0,0,0,5.2,5.4,0,0,3.9,1.3,0,0,4.5,10,11.8,0.5,0
7/20/2020,1,47.5,7,0,0.5,1,4.9,11.9,11.9,0.3,0,14.4,0.4,0.2,0,0
7/21/2020,0,0,0,0,16.6,0,3.8,0,5.1,2.3,9.4,0.9,16.2,3.8,0.6,0
7/22/2020,1.2,0,0,20.9,0.6,0,6.5,0,0.5,0,0,0,29,0,1.8,65.7
7/23/2020,0,0,0,3.3,0,9.8,0,0,6.9,0,0,0,0,0,4,0
7/24/2020,0,0,0,8.3,0,0,0,0,0,0,0,0,0.5,1,0,0
7/25/2020,0,0,0,3.9,0,0,0,0,0,0,0,11.9,0,4.4,0,0
7/26/2020,0,0,0,1.5,0,1.1,0,0,0,0,0,0,0,20.4,0,0
7/27/2020,30.5,77.3,15.8,26.2,55.8,32.3,0,20,13.8,12.6,0,45.5,6,25,8.5,0
7/28/2020,0.4,0,0,65.8,3.6,3.5,0,0,6.2,0,0,1.2,5,34.5,3.8,0.9
7/29/2020,0.2,0,1.8,3.4,0,0,17.5,0,0,0,0,15.5,2.5,4.6,2.7,2.5
7/30/2020,0,0,0,0,0,4.3,2.4,6.5,0.7,0.2,0,0,0,0.5,1.5,0
7/31/2020,0,0,0,0,0,5.7,0,0,0,5.1,0,0,0,2,0,0
8/1/2020,0,0,0,0.6,8,2.1,0,0,0,0,0,0,0,0,0,0
8/2/2020,130,111.6,41.2,12.1,24,18.3,20.2,123.7,109.5,88.6,18.2,31.5,15,29.3,24.3,19.4
8/3/2020,81.5,41.2,26.4,32.9,86.9,45.3,44.5,69,37.4,18.5,8,36,12,6,79,14.5
8/4/2020,27,0,2.9,38.6,15,4.8,11.2,28.2,37.2,12.7,58.5,20.2,2.5,6.2,9.6,23
8/5/2020,1.3,0,0,16.2,31.5,24.7,3.6,1.3,0.6,1.2,0,3,7.2,5.5,6.7,2.6
8/6/2020,0,0,0,0,0,2.4,42.8,0,0,0,0,3,7,0.2,1.4,0
8/7/2020,18.2,0,0,20,5.3,8.4,25.9,10,15.9,43.8,0,0,10.2,6,27.9,19.3
8/8/2020,20.3,0,0,34.1,0.8,4.1,0,14.6,10.4,16.2,0,11,16,0.2,12.8,0.8
8/9/2020,0,17.3,21.5,9.7,27.5,7,0,0,2.2,0,0,0,6.5,0.4,0.3,0
8/10/2020,0,0,0,3.5,0,1.1,8.8,0,0,0,0,0,0,0.4,0,6.6
8/11/2020,1.5,0,0,4.2,14.3,34.7,8,0.5,1.5,12.2,0,7.4,1.5,4.2,17,1
8/12/2020,2.3,17.9,0,0,0.3,21.2,1.7,6,11.6,2.3,0,7,0.5,11.2,3.6,0
8/13/2020,20.8,20.8,14.5,15.7,2,18,12.4,29.3,21.7,11.8,0,7.5,17.5,2,5.4,0
8/14/2020,15,54.3,12.9,13.5,26,10.3,13.4,36.5,9.1,24.5,0,7.2,9.5,1,6.1,2.8
8/15/2020,5.2,8.9,0,9.8,5,17.1,4.2,6.5,4.5,5.2,0,3.5,3,4,4,3.8
8/16/2020,0.5,0,0,3.1,0,1,0,0,0.9,0,0,0,0,0.2,0,1.3
8/17/2020,10,0,0,3.9,0.9,1.1,5.5,20,1.9,0,0,21.4,0,3.8,4,2.6
8/18/2020,6,9.5,2.5,2.2,2,1.8,1.1,1.7,2,3.1,0,1.1,2,0.4,3.8,0
8/19/2020,0.3,0,6.5,3.4,1.1,2.5,0,0,0.6,3.2,0.5,1.4,0.5,1,2,1.5
8/20/2020,15,40.3,7.2,13,9.5,20.3,21,6.2,6.4,76.2,10,5.5,9,8,1,5.8
8/21/2020,11.2,30.5,13.3,4.3,12.2,5.2,28.8,12,5.6,9.5,6,9,12.4,0.8,9.1,6.5
8/22/2020,18.9,16.2,4.5,56.7,6.8,9.7,28.5,11.4,46.5,3.3,71.8,20,5.5,17.2,3.3,43.7
8/23/2020,0,8.9,4.4,16.5,4,44.3,7.1,0,1.7,7.6,2,3.5,26.5,0.4,6.2,0.8
8/24/2020,0.3,0,0,9,4.2,7.7,0,0,0,1.3,0,2.3,0,1.8,0.3,0
8/25/2020,0.6,0,0,1,1.1,1.2,0.5,0,1,0.6,0,0.5,1.4,1,3.2,0
8/26/2020,6.6,45.3,6.4,0,0.6,1.8,4.4,5,2.6,6.3,0,4.7,3,1.8,7.3,0
8/27/2020,4.4,10.2,0,0,2.6,2.1,3.2,0,0,4.2,0,0,0,0.2,0.2,0
8/28/2020,4.9,0,0,0,0,4.5,0,0,7.6,3.7,0,0,0,0,11.4,0
8/29/2020,7,7.9,14.6,3.5,13.1,0,0,1.4,0,2,0,1,2.2,0.4,0,0.5
8/30/2020,0,0,0,12,0,0,0,0,0,0,0,0.6,1.5,2,0.4,0
8/31/2020,8.7,3.2,0,1.6,0.8,26.4,3.6,0,0,0,0,1.6,0.5,0,0,11.5
9/1/2020,5.1,30.4,0,0.6,9.1,14.8,5.6,13,2.9,0.5,12.3,0,3,0.2,0.8,10.9
9/2/2020,0,0,0,0,0,0,0,0,0,0,0,0,0,0,0,0
9/3/2020,0,0,0,0,0,0,0,0,0,0,0,0,0,0,0,0
9/4/2020,0,0,0,3,0,0,0,0,0,0,0,0,0,0,0,0
9/5/2020,0,0,4.9,14.5,0,0,0,0,5.4,0,1,1.1,5.5,0,0,0
9/6/2020,0,0,0,0,0,1.4,0,0,0,0,4.5,0,1.5,2.5,0,0
9/7/2020,0,12.9,0,0,1,1.2,9.3,0,0,0.3,0,0,0,0,1.7,0
9/8/2020,26.2,4.9,2.5,24,24.1,25.8,16.5,51.3,42.6,18,18,25.8,63.2,10,2,23.3
9/9/2020,0.3,21.4,5.4,2.4,0,0,12.8,0,0.6,0,0,1.2,9,0,6.9,0
9/10/2020,0,0,0,0,0,0,0,0,0,0.3,0,0.5,0.5,0,0,0
9/11/2020,0,0,0,0.8,0,0,0,0,0,0,0,0,12.5,0,0,0
9/12/2020,0,0,0,36.5,2.7,9.2,3.4,0,1.2,20,37,0,0,0.2,26.9,13.6
9/13/2020,0,5.4,0,8.5,0,0,2.8,0,0,0,0,0,1,0,0,12.3
9/14/2020,5.5,0,17.1,1.6,0,0,0,16.5,2.7,29.6,0,0,2.6,0,0,3.6
9/15/2020,0,17.5,0,28.5,0,2.1,0,0,0.6,2.3,0,0,28.4,1.4,0,0
9/16/2020,0,0,0,1.7,0,0,0,0,0,0,10,0,11,0.5,0,42
9/17/2020,0,0,0,0.3,0.4,32.7,6.5,0,0,0.3,0,0,12,0,0,0
9/18/2020,0,0,0,5.7,0,0,0,0,1.2,0.2,0.6,0,0.2,7,0,3
9/19/2020,9.6,12.3,20.1,127.3,10.1,12.8,6,17.9,26.2,6,49.5,21.2,37,11,4,27.2
9/20/2020,33.2,10.2,81.1,18.1,26.8,17.5,11.5,53.1,54.5,14.7,31,32.1,11.4,6.2,19.2,13.9
9/21/2020,15.2,5.3,12.4,17,0.5,1.9,4.5,0,0.9,2.8,4,1.7,3,0,0,0
9/22/2020,0.4,0,0,0,0,8.1,0,0,0.7,0,0.5,0.8,0,0,0,0
9/23/2020,65.8,5.3,35.4,8.1,52.5,20.5,10.6,53.3,62.8,45,4.8,46.3,38.5,5.8,4.5,1.8
9/24/2020,0.1,0,0,15.1,8.5,7.2,1.1,0,0.6,4.6,0.2,1,27,1.6,4.6,7.2
9/25/2020,5.4,0,0,4.5,1.5,0,0,12.8,0,0.5,0,7,4,0.2,0,8.9
9/26/2020,0,0,12.3,0,0,0,0,7.2,13.1,0,0,8.8,0,1.4,0,0
9/27/2020,0,0,11.5,8.2,1.8,0,0,0,0,3.5,3.2,0.5,18.5,0.6,4.4,0
9/28/2020,0,5.4,0,4.3,10,0,0,0,0,6.5,0.4,0,0,10.5,1,5.5
9/29/2020,2.6,0,0,27.2,0.2,1,0,0,0,0.2,11.4,1,5.5,4.5,0,15.6
9/30/2020,1,13.2,5.6,3.5,15.2,20.1,0,17.3,4.9,24.3,0,4.5,20.5,0,20.8,0
10/1/2020,37,3.4,0,4.5,8.3,0,8.2,1.9,5.9,5,0,1.2,0.5,0,0,0
10/2/2020,15.9,0,35.5,4,1.4,18.3,0,11.9,1.7,4.2,0,0.9,14.5,0,0.2,9.8
10/3/2020,2.1,0,4.5,4.5,0,0,8.6,0,0,5.8,18.6,1.2,13.5,0,5.7,1.8
10/4/2020,0,0,10.5,3.3,0,15.1,22.5,3,0.3,1.2,20.4,0,0.5,1,0.2,77
10/5/2020,1,30.2,2.2,13.5,3.1,7.8,4.2,6.9,0.8,2.6,9,14,18.5,0.2,16.1,0
10/6/2020,1.1,5.6,0,1.5,1.7,0,5.4,0,0,0.4,0.5,0,0.4,0.4,0.8,0.5
10/7/2020,5.6,5.3,0,0,0,0,0,2.3,0,4.5,0,0,0,0,1.2,3
10/8/2020,0,0,0,0,0,0,0,0,0,0,0,0,0,0,0,0.8
10/9/2020,0,0,0,0,0,0,0,0,0,0,0,0,0,0,0,0
10/10/2020,0,0,0,0,0,0,0,0,0,0,0,0,0,0,0,0
10/11/2020,0,0,0,0,0,0,0,0,0,0,0,0,0,0,0,0
10/12/2020,0,0,0,0.5,0,0,0,0,0,0,0,0,0,0,0,0
10/13/2020,0,0,0,0,0,0,0,0,0,0,0,0,0,0,0,0
10/14/2020,0,0,0,0,0,0,0,0,0,0,0,0,0,0,0,0
10/15/2020,0,0,2.4,5,0,0,0,0,0.5,0,0,0,0,0,0,0
10/16/2020,6.7,7.2,10.6,27.6,4.2,8.5,0,6,20,6.8,17,4.4,13.4,4.8,2.2,11.5
10/17/2020,0,0,0,5.2,0,0,0,0,0,0,0,0,0.5,0.2,0,0
10/18/2020,0,0,1.8,16,0.5,0,0,0,0.7,0,1.8,0.4,2.4,1,2.3,3.5
10/19/2020,0.6,3.2,8.3,52.8,0.5,1.2,0,0,2.1,0,13.4,1.4,9.8,0,1,2.6
10/20/2020,2.7,6.5,1.5,13.2,3,1.4,0,0,0.9,1.2,1.6,4.2,3.5,0,1.8,5.5
10/21/2020,0,0,0,19.3,1,0.9,0,0,0.8,1.9,15.7,0.8,2,0.6,3,3.8
10/22/2020,0.1,0,0,5.4,0,0,0,0,0,0,0,0,0.4,0.2,0,0
10/23/2020,0,0,0,4.7,0,0,0,0,0,0,2,0,0,0,0,5.5
10/24/2020,0,0,0,0,0,0,0,0,0,0,0,0,0,0,0,0
10/25/2020,0,0,0,0,0,0,0,0,0,0,0,0,0,0,0,0
10/26/2020,8.5,8.5,0,0,4.3,0,0,2.6,17.2,2.6,0.2,4.9,0,0,0,1
10/27/2020,0,0,0,24.2,0.8,15.2,3.2,3.2,0.5,4.6,10,0,7,3.7,8.6,0
10/28/2020,0,0,0,0,0,0,0,0,0,0,0,0,0,0,0,0
10/29/2020,6,3.2,5.6,64.1,4.9,4.8,1.2,8.5,8.5,3.3,4.8,10.2,9,2.6,2,6.4
10/30/2020,3.3,6.3,0,80.1,2,8.6,0,4.8,3.5,2.8,5.2,8.3,8,5.2,2.2,0
10/31/2020,1.8,0,0,4.2,5.3,1.3,0.2,0,0.2,0,5,0,9.4,0,0,0
11/1/2020,0,0,0,0,0,0,0,0,0,0,0,0,0.2,0.2,0,0
11/2/2020,2.1,0,13.8,0,0,0,0,0,0,2.5,3.8,0,0,1,0,0
11/3/2020,0,0,0,0,0,0,0,3,0,0.3,0.2,0,0,0,0.8,0
11/4/2020,85.3,25.6,0,2.4,0,4.6,42,2.3,2.4,3.6,37.9,19.2,70.5,0,2.5,13.8
11/5/2020,0,0,0,0,0,0,0,0,0,0,0,0,1.5,0.2,0,0
11/6/2020,0,0,0,0,0,15.7,0,0,0,11.8,0,0,0,0,0,0
11/7/2020,0,0,0,14.5,0,0,0,0,0,0,1,0,2,2.2,0,1.7
11/8/2020,0,0,0,0,0,0,0,0,0,0,0,0,0.5,0,0,0
11/9/2020,0,0,0,0,0,0,0,0,0,0,0,0,0,0,0,0
11/10/2020,0,0,0,0,0,0,0,0,0,0,0,0,0,0,0,0
11/11/2020,0,0,0,0,0,0,0,0,0,0,0,0,0,0,0,0
11/12/2020,0,0,0,0,0,0,0,0,0,0,0,0,0,0,0,0
11/13/2020,0,0,0,0,0,0,0,0,0,0,0,0,0,0,0,0
11/14/2020,0,0,0,0,0,0,0,0,0,0,0,0,0,0,0,0
11/15/2020,0,0,0,0,0,0,0,0,0,0,0,0,0,0,0,0
11/16/2020,0,0,0,0,0,0,0,0,0,0,0,0,0,0,0,0
11/17/2020,0,0,0,0,0,0,0,0,0,0,0,0,0,0,0,0
11/18/2020,0,0,0,0,0,0,0,0,0,0,0,0,0,0,0,0
11/19/2020,0,0,0,0,0,0,0,0,0,0,0,0,0,0,0,0
11/20/2020,0,0,0,0,0,0,0,0,0,0,0,0,0,0,0,0
11/21/2020,0,0,0,0,0,0,0,0,0,0,0,0,0,0,0,0
11/22/2020,0,0,0,0,0,0,0,0,0,0,0,0,0,0,0,0
11/23/2020,0,0,0,0,0,0,0,0,0,0,0,0,0,0,0,0
11/24/2020,0,0,0,0,0,0,0,0,0,0,0,0,0,0,0,0
11/25/2020,0,0,0,0,0,0,0,0,0,0,0,0,0,0,0,0
11/26/2020,0,0,0,0,0,0,0,0,0,0,0,0,0,0,0,0
11/27/2020,0,0,0,0,0,0,0,0,0,0,0,0,0,0,0,0
11/28/2020,0,0,0,0,0,0,0,0,0,0,0,0,0,0,0,0
11/29/2020,0,0,0,0,0,0,0,0,0,0,0,0,0,0,0,0
11/30/2020,0,0,0,0,0,0,0,0,0,0,0,0,0,0,0,0
12/1/2020,0,0,0,0,0,0,0,0,0,0,0,0,0,0,0,0
12/2/2020,0,0,0,0,0,0,0,0,0,0,0,0,0,0,0,0
12/3/2020,0,0,0,0,0,0,0,0,0,0,0,0,0,0,0,0
12/4/2020,0,0,0,0,0,0,0,0,0,0,0,0,0,0,0,0
12/5/2020,0,0,0,0,0,0,0,0,0,0,0,0,0,0,0,0
12/6/2020,0,0,0,0,0,0,0,0,0,0,0,0,0,0,0,0
12/7/2020,0,0,0,0,0,0,0,0,0,0,0,0,0,0,0,0
12/8/2020,0,0,0,0,0,0,0,0,0,0,0,0,0,0,0,0
12/9/2020,0,0,0,0,0,0,0,0,0,0,0,0,0,0,0,0
12/10/2020,0,0,0,0,0,0,0,0,0,0,0,0,0,0,0,0
12/11/2020,0,0,0,0,0,0,0,0,0,0,0,0,0,0,0,0
12/12/2020,0,0,0,0,0,0,0,0,0,0,0,0,0,0,0,0
12/13/2020,0,0,0,0,0,0,0,0,0,0,0,0,0,0,0,0
12/14/2020,0,0,0,0,0,0,0,0,0,0,0,0,0,0,0,0
12/15/2020,0,0,0,0,0,0,0,0,0,0,0,0,0,0,0,0
12/16/2020,0,0,0,0,0,0,0,0,0,0,0,0,0,0,0,0
12/17/2020,0,0,0,0,0,0,0,0,0,0,0,0,0,0,0,0
12/18/2020,0,0,0,0,0,0,0,0,0,0,0,0,0,0,0,0
12/19/2020,0,0,0,0,0,0,0,0,0,0,0,0,0,0,0,0
12/20/2020,0,0,0,0,0,0,0,0,0,0,0,0,0,0,0,0
12/21/2020,0,0,0,0,0,0,0,0,0,0,0,0,0,0,0,0
12/22/2020,0,0,0,0,0,0,0,0,0,0,0,0,0,0,0,0
12/23/2020,0,0,0,0,0,0,0,0,0,0,0,0,0,0,0,0
12/24/2020,0,0,0,0,0,0,0,0,0,0,0,0,0,0,0,0
12/25/2020,0,0,0,0,0,0,0,0,0,0,0,0,0,0,0,0
12/26/2020,0,0,0,0,0,0,0,0,0,0,0,0,0,0,0,0
12/27/2020,0,0,0,0,0,0,0,0,0,0,0,0,0,0,0,0
12/28/2020,0,0,0,0,0,0,0,0,0,0,0,0,0,0,0,0
12/29/2020,0,0,0,0,0,0,0,0,0,0,0,0,0,0,0,0
12/30/2020,0,0,0,0,0,0,0,0,0,0,0,0,0,0,0,0
12/31/2020,0,0,0,0,0,0,0,0,0,0,0,0,0,0,0,0
1/1/2021,0,0,0,0,0,0,0,0,0,0,0,0,0,0,0,0
1/2/2021,0,0,0,0,0,0,0,0,0,0,0,0,0,0,0,0
1/3/2021,0,0,0,0,0,0,0,0,0,0,0,0,0,0,0,0
1/4/2021,0,0,0,0,0,0,0,0,0,0,0,0,0,0,0,0
1/5/2021,0,0,0,0,0,0,0,0,0,0,0,0,0,0,0,0
1/6/2021,0,0,0,0,0,0,0,0,0,0,0,0,0,0,0,0
1/7/2021,0,0,0,0,0,0,0,0,0,0,0,0,0,0,0,0
1/8/2021,0,0,0,0,0,0,0,0,0,0,0,0,0,0,0,0
1/9/2021,0,0,0,0,0,0,0,0,0,0,0,0,0,0,0,0
1/10/2021,0,0,0,0,0,0,0,0,0,0,0,0,0,0,0,0
1/11/2021,0,0,0,0,0,0,0,0,0,0,0,0,0,0,0,0
1/12/2021,0,0,0,0,0,0,0,0,0,0,0,0,0,0,0,0
1/13/2021,0,0,0,0,0,0,0,0,0,0,0,0,0,0,0,0
1/14/2021,0,0,0,0,0,0,0,0,0,0,0,0,0,0,0,0
1/15/2021,0,0,0,0,0,0,0,0,0,0,0,0,0,0,0,0
1/16/2021,0,0,0,0,0,0,0,0,0,0,0,0,0,0,0,0
1/17/2021,0,0,0,0,0,0,0,0,0,0,0,0,0,0,0,0
1/18/2021,0,0,0,0,0,0,0,0,0,0,0,0,0,0,0,0
1/19/2021,0,0,0,0,0,0,0,0,0,0,0,0,0,0,0,0
1/20/2021,0,0,0,0,0,0,0,0,0,0,0,0,0,0,0,0
1/21/2021,0,0,0,0,0,0,0,0,0,0,0,0,0,0,0,0
1/22/2021,0,0,0,0,0,0,0,0,0,0,0,0,0,0,0,0
1/23/2021,0,0,0,0,0,0,0,0,0,0,0,0,0,0,0,0
1/24/2021,0,0,0,0,0,0,0,0,0,0,0,0,0,0,0,0
1/25/2021,0,0,0,0,0,0,0,0,0,0,0,0,0,0,0,0
1/26/2021,0,0,0,0,0,0,0,0,0,0,0,0,0,0,0,0
1/27/2021,0,0,0,0,0,0,0,0,0,0,0,0,0,0,0,0
1/28/2021,0,0,0,0,0,0,0,0,0,0,0,0,0,0,0,0
1/29/2021,3,0,0,2.6,1.2,0,2,0,0.5,16.1,0,10.1,10,0,16.7,0
1/30/2021,3,7.5,0,12.5,17.7,0,0,9.5,21.1,1.2,0.8,1.2,11,3.2,4.5,0
1/31/2021,0,0,0,0,0,0,0,0,0,0,0,0,0,0,0,0
2/1/2021,0,0,0,0,0,0,0,0,0,0,0,0,0,0,0,0
2/2/2021,0,0,0,0,0,0,0,0,0,0,0,0,0,0,0,0
2/3/2021,0,0,0,0,0,0,0,0,0,0,0,0,0,0,0,0
2/4/2021,0,0,0,0,0,0,0,0,0,0,0,0,0,0,0,0
2/5/2021,0,0,0,0,0,0,0,0,0,0,0,0,0,0,0,0
2/6/2021,0,0,0,0,0,0,0,0,0,0,0,0,0,0,0,0
2/7/2021,4.9,9.3,0,0,5.1,2.1,11.2,3.1,4.5,6,0,0,0,0,25.7,0
2/8/2021,2.3,15.3,33.6,9.5,40,48.1,8.6,1.3,2.2,15.3,17,10.5,7,4.5,27.6,17.9
2/9/2021,0,0,0,0,0,0,0,0,0,0,0,0,2,0,0,0
2/10/2021,0,0,0,0,0,0,0,0,0,0,0,0,0,0,0,0
2/11/2021,0,0,0,0,0,0,0,0,0,0,0,0,0,0,0,0
2/12/2021,0,0,0,0,0,0,0,0,0,0,0,0,0,0,0,0
2/13/2021,0,0,0,0,0,0,0,0,0,0,0,0,0,0,0,0
2/14/2021,0,0,0,0,0,0,0,0,0,0,0,0,0,0,0,0
2/15/2021,0,0,0,0,0,0,0,0,0,0,0,0,0,0,0,0
2/16/2021,0,0,0,0,0,0,0,0,0,0,0,0,0,0,0,0
2/17/2021,0,0,0,0,0,0,0,0,0,0,0,0,0,0,0,0
2/18/2021,0,0,0,0,0,0,3.4,0,0,0,0,0,0,0,0,0
2/19/2021,0,0,0,0,0,0,0,0,0,0,0,0,0,0,0,0
2/20/2021,0,0,0,0,0,0,0,0,0,0,0,0,0,0,0,0
2/21/2021,0,0,0,0,0,0,0,0,0,0,0,0,0,0,0,0
2/22/2021,0,0,0,0,0,0,0,0,0,0,0,0,0,0,0,0
2/23/2021,0,0,0,0,0,0,0,0,0,0,0,0,0,0,0,0
2/24/2021,0,0,0,0,0,0,0,0,0,0,0,0,0,0,0,0
2/25/2021,0,0,0,0,0,0,0,0,0,0,0,0,0,0,0,0
2/26/2021,0,0,0,0,0,0,0,0,0,0,0,0,0,0,0,0
2/27/2021,0,0,0,0,0,0,0,0,0,0,0,0,0,0,0,0
2/28/2021,0,0,0,0,0,0,0,0,0,0,0,0,0,0,0,0
3/1/2021,0,0,0,0,0,0,0,0,0,0,0,0,0,0,0,0
3/2/2021,0,0,0,0,0,0,0,0,0,0,0,0,0,0,0,0
3/3/2021,0,0,0,0,0,0,0,0,0,0,0,0,0,0,0,0
3/4/2021,0,0,0,0,0,1,0,0,0,0,0,0,0,0,0,0
3/5/2021,0,0,0,0,0,0,0,0,0,0,0,0,0,0,0,0
3/6/2021,0,0,0,0,0,0,0,0,0,0,0,0,0,0,0,0
3/7/2021,0,0,0,0,0,0,0,0,0,0,0,0,0,0,0,0
3/8/2021,0,0,0,0,0,0,0,0,0,0,0,0,0,0,0,0
3/9/2021,0,0,0,0,0,0,0,0,0,0,0,0,0,0,0,0
3/10/2021,0,0,0,0,0,0,0,0,0,0,0,0,0,0,0,0
3/11/2021,0,0,0,0,0,0,0,0,0,0,0,0,0,0,0,0
3/12/2021,0,0,0,0,0,0,0,0,0,0,0,0,0,0,0,0
3/13/2021,0,0,0,0,0,0,0,0,0,0,0,0,0,0,0,0
3/14/2021,0,0,0,0,0,0,0,0,0,0,0,0,0,0,0,0
3/15/2021,0,0,0,0,0,0,0,0,0,0,0,0,0,0,0,0
3/16/2021,0,0,0,0,0,0,0,0,0,0,0,0,0,0,0,0
3/17/2021,0,0,0,0,0,0,0,0,0,0,0,0,0,0,0,0
3/18/2021,0,0,0,0,0,0,0,0,0,0,0,0,0,0,0,0
3/19/2021,0,0,0,0,0,0,0,0,0,0,0,0,0,0,0,0
3/20/2021,0,0,0,0,0,0,0,0,0,0,0,0,0,0,0,0
3/21/2021,0,0,0,0,0,0,0,0,0,0,0,0,0,0,0,0
3/22/2021,0,0,0,9.4,1.7,1,4.5,0,7.5,14.5,3,0,26.5,0.4,18.2,0
3/23/2021,0,0,0,0,0,0,0,0,0,0,0,0,0.2,0,2.4,0
3/24/2021,0,0,0,0,0,0,0,2.1,0,5.8,0,0,0,0,6.8,0
3/25/2021,0,0,0,0,0,0,0,0,0,0,0,0,0,0,0,0
3/26/2021,0,0,0,0,0,0,0,0,0,0,0,0,0,0,0,0
3/27/2021,0,0,0,0,0,0,0,0,0,0,0,0,0,0,0,0
3/28/2021,0,0,0,0,0,0,0,0,0,0,0,0,0,0,0,0
3/29/2021,0,0,0,0,0,0,0,0,0,0,0,0,0,0,0,0
3/30/2021,0,0,0,0,0.5,0,0,0,0,0,0,0,0,0,0,0
3/31/2021,0,0,0,0,0,0,0,0,0,0,0,0,0,0,0,0
4/1/2021,0,0,0,0,0,0,0,0,0,0,0,0,0,0,0,0
4/2/2021,0,0,0,0,0,0,0,0,0,0,0,0,0,0,0,0
4/3/2021,3,2.4,3.8,5,3.2,0,0,2.3,4,1.2,13.7,1,0,4,1.6,3
4/4/2021,1.8,0,2.6,10,1,1.2,8.2,2.9,2.3,1.8,5.2,1.2,3.8,3.2,1,5
4/5/2021,10.5,14.7,16.9,68.5,14.5,25.3,24.2,7.2,7.1,18.5,22.6,20.1,60.9,43.5,22.2,39.8
4/6/2021,7.1,2.7,1.5,0,5.5,2.3,2,11.5,9,18.8,17.5,0,2.4,4,1.5,7.4
4/7/2021,20.3,2.4,0,0,0,0,0,7.9,3.4,0,0,0,5.2,0,0.6,0
4/8/2021,0,0,0,0,0,0,0,0,0,0,2.6,0,0,0.2,2,0.5
4/9/2021,0,0,0,0,0,0,0,0,0,2.3,0,0,0,0,0,0
4/10/2021,5,17.3,2.5,3.8,0,1.1,0,3.7,21.2,0,4,1,8.9,9,0,6.5
4/11/2021,0,0,0,0,0,7.5,17.4,1,0.9,10.2,24.7,0,46.7,0.5,0,6.5
4/12/2021,0,0,0,20.3,0,0,10.4,0,0,0,0.5,0,0,0.9,0,0.9
4/13/2021,0,0,0,15.2,0,3.5,0,0,0,0,1.8,0,0,18.5,0,0
4/14/2021,0,0,0,12,0.5,0.5,0,0,0,3.3,28.6,7,0.1,1.5,21,53
4/15/2021,0,0,0,0,0,0,0,5.7,0,0,5.5,0,0,0,2.2,4.2
4/16/2021,6.9,14.3,8.8,43.1,9.5,4.1,3,5.1,6.6,12,10.3,1.5,2.8,13.5,1.4,3.1
4/17/2021,38,36.9,27.6,13.5,5.3,9.5,0,58.7,57.4,21,17.6,13.1,21.3,34,21.1,15.1
4/18/2021,33,0,10.7,0,0.7,8.7,0,16.9,15.3,0.8,0,7,8.1,0,0,0
4/19/2021,0,0,0,0,0,0,0,0,0,0,0,0,0,4,0,0
4/20/2021,0,0,0,0,0,1.2,0,0,0,0,0,0,0,12,0.7,0
4/21/2021,0,0,0,0,0,0,0,0,0,0,0,0,4.5,0,0,0
4/22/2021,0,0,0,0,0,0,0,0,0,0,0,0,0,0,0,0
4/23/2021,0,0,0,0,0,0,0,0,0,0,0,0,0,0,0,0
4/24/2021,0,0,0,0.5,36.5,0,0,0,0,36.2,0,1,0,12,17.2,0
4/25/2021,9.8,8.5,9,10.1,1.4,0,0,20,4.3,1.8,6.5,1,13.1,0.5,0,0
4/26/2021,25.4,0,0,0,9.2,7.7,6.4,1.3,1.3,0.2,37.2,1.2,39.3,1,25,0
4/27/2021,1,3.4,2.7,15.3,2.3,15.8,2.4,1.3,1.7,3.5,2.3,0,6.9,21.7,2,45.4
4/28/2021,10.5,0,2.7,5.5,0,1.1,23.5,0,1.1,1.2,11.2,5,14.8,10.5,0,8.9
4/29/2021,0,6.2,5,9.3,0,0,0,0,0.1,0,16.8,0,12.8,16.5,36.6,0
4/30/2021,0,0,0,0,0,0,8.6,0,0,0,0.8,0,0,1,0,8
5/1/2021,14.4,55.4,15.5,16.1,3.4,3.8,7.6,13,38.1,2,0.2,14,0,0,3.3,0
5/2/2021,3,0,21.1,0,0,0,0,12,62.9,0,0,1,21.9,0,0,0
5/3/2021,0,0,0,0,0,23.1,0,0,0,36.4,0,12,0.9,0,14.8,0
5/4/2021,0,0,0,0,0,3.9,4.4,0,0,0,0,0,1.9,0,26.4,0
5/5/2021,0,0,0,0,0.1,1.3,5.5,0,0,0,0,5,7.8,13.5,2,0
5/6/2021,0,0,0,0,0,0,2.4,0,0,0,0,0,0,0,0,0
5/7/2021,0,0,0,0,0,0,0,0,0,0,0,0,0,0,0,0
5/8/2021,0,0,0,10.1,10.6,0,12.1,0,0,3.7,1.4,0,18.5,4,5.1,1.2
5/9/2021,0,0,0,15.5,0,0,0,0,0,11.5,0,0,5.3,0.5,0,0
5/10/2021,0,0,0,0.4,0,0,0,0,0,1.3,0,19,11.7,0,0,4.1
5/11/2021,0,0,0,0,0,2.1,0,0,0,0,0,0,0,0,7.2,0
5/12/2021,0,0,0,0,2.7,10.1,0,0,0,0,0,0,0,0,0,0
5/13/2021,2.8,0,0,0,6.5,0.7,0,0,0,25,0,10,1.1,0,0,0
5/14/2021,0,0,0,0,0,0,0,0,0,0,0,0,0,0,0,0
5/15/2021,0.4,0,0,0,0,0,0,0,0,0,0,0,0,0,0,0
5/16/2021,0,0,0,0,0,0,0,0,0,0,0,0,0,0,0,0
5/17/2021,0,0,0,13.5,0,0,0,0,0,0,0,0,0,0,0,0
5/18/2021,0,0,0,0,9.4,0,0,0,0,0,6,0,0,8.5,0,0
5/19/2021,0.2,0,0,0,0,0,0,0,0,0,0,0,0,0,0,0
5/20/2021,0,0,0,0,0,4.6,0,0,0,0,0,0,0,0,0,0
5/21/2021,0,5.9,0,10.5,0,0,0,0,0,0,0,0,0,10.5,0,0
5/22/2021,0,12.3,33.4,2,0,0,11.2,0,0.5,0,0,0,24.3,0,0,0
5/23/2021,0,15.6,0,7,0,0,0,0,1.3,0,0,0,0,0.5,0,0
5/24/2021,0,10.9,0,0,21.4,72.1,39.5,3.9,0,6.6,0,0,0,0,24.9,0
5/25/2021,0,0,0,3.4,9.8,4.2,20.5,0,6.3,0.1,0,2.4,19.6,0,3.5,4.5
5/26/2021,0,3.2,0,0.7,0,3.8,0,0,0,0,3.4,0,1.2,0,0,0
5/27/2021,0.7,0,5.8,0,1.6,0,53.2,0,0,3.6,4.6,0,0.4,7.5,1.8,15.2
5/28/2021,0.3,17.5,0,33.1,0.5,0,0,10.5,1.3,0,2.4,14.2,24.1,39,0,6.3
5/29/2021,2.6,17.2,5.6,7.1,8.6,1.1,0,18.1,1.1,17.2,8.4,0,2,10.5,0,14.5
5/30/2021,0.3,11.8,0.4,13.5,0,0,0,0,0,0,0,1.5,0,12,0,0
5/31/2021,0,27.4,0,0,0,0,0,0,2.7,0,1,0,0,0,1.3,0
6/1/2021,0,0,0,0,0,0,0,0,0,0,0,0,0,0,0,0
6/2/2021,0,0,0,0,0,0,0,0,3.4,0,0,0,0,0,0,0
6/3/2021,0,0,0,0,0,0,0,0,0,0,0,5,0,0,0,0
6/4/2021,20,11.9,14.4,0,1.9,35.1,9.4,6.9,15.9,4.6,0,3.5,3.5,3.5,10.8,0
6/5/2021,0.3,15.6,0,0,0,0,0,2.2,1.9,0.2,0,0,7.6,0,0,0
6/6/2021,1.1,0,0,0,4.2,1.1,4.5,5,4.3,14,3.6,0,12.5,0,11,0
6/7/2021,0.1,10.8,6.7,18.2,0.2,0,0,4,5.8,0,0,0,9.6,27.5,0,0
6/8/2021,32.5,40.3,7.2,34,0.5,2.4,3.9,18.5,26,41.1,16.7,14.4,6.3,9.5,12.5,7.2
6/9/2021,9.1,8.5,0,7.1,35.8,76.1,7.9,7.2,23.5,18.2,0.2,28.7,4.4,1.5,6.4,2.7
6/10/2021,0.4,0,0,7.7,17.1,18.6,7.9,0,1.3,5.2,1.2,0,1.5,0,14.3,0
6/11/2021,1,0,0,3,0,1,0,0,0,0,0,0,0.7,2,0,0
6/12/2021,0,0,0,7.5,0,0,0,0,9.3,2.4,0,0,0,0,2.3,0
6/13/2021,16.8,23.5,22.4,20.1,12.4,26.4,0,20,12.9,11.2,6,8,7.8,3.5,10.9,7.3
6/14/2021,18.7,24.9,21.2,10,17.3,40.1,18.7,18.3,12.7,22.5,12.5,17.5,12.7,4.5,13.6,1.4
6/15/2021,0.2,0,0,5.5,1.1,2.1,8.8,0,0,0,1,0,1.8,1.5,7.2,0
6/16/2021,28.2,20.2,6,25,18.1,50.2,0,36.3,9.2,11.6,1.2,0,16.6,10,13.5,5
6/17/2021,0,0,0,3.8,0,3.2,0,0,0,0,0,0,0,1.5,5,12
6/18/2021,0,0,0,4.3,0,0,0,0,0.6,2.3,0,0,0,3.5,0,8
6/19/2021,0,0,0,2.5,0,0,0,0,0,0,0,0,4,0.5,0,0
6/20/2021,0,0,0,2.3,0.8,0,0,0,4.7,0,0,0,0,2,0,0
6/21/2021,0,0,0,1.5,0,0,0,0,0,2.3,0,0,0,2,0.8,0
6/22/2021,0,0,0,0,0.7,29.8,0,0,0,0,0,0,27.5,2.5,6.5,0
6/23/2021,3.5,27.2,0,0,0,0,0,0,6.5,0,0,7,2.1,0.5,0,0
6/24/2021,23,2.3,0,0.4,0,4.3,0,18.9,1.2,0,0,0,0,0.5,0,0
6/25/2021,0.3,0,0,0,0,0,0,0,3.2,0,0,0,0,0,1.6,0
6/26/2021,0.8,0,0,0,4.5,22.4,0,2.4,0.9,7.2,0,10.2,1.2,0.5,1.2,0
6/27/2021,0,0,0,0,0,0,0,0,0,0,0,0,0,0,0,0
6/28/2021,12.7,0,11,0,0,0,0,0,1.1,3.5,0,6,0.7,4,0,0
6/29/2021,1.6,0,0,7.5,0,0,0,0,0,0,0,0,0,0.5,0,0
6/30/2021,6.4,24.3,0,0.2,1,1,0,0,1.5,6.6,0.8,5,4.6,1.5,3,0
7/1/2021,0,0,4.5,0,3.9,22.6,14,0,3.1,0.3,0.2,0,0.6,1,1.3,0
7/2/2021,1.6,0,0,2.7,41.1,26.5,0,0,0,11.2,0,0,0,0,3.5,0
7/3/2021,0,0,0,0,2.2,15,0,0,0,0,0,0,0,0,0,0
7/4/2021,0,0,0,0,0,0,0,0,0.9,0,7.5,0,0.8,1,0,0
7/5/2021,0,0,0,26.5,0,0,0,0,0,0,0,0,0,0,0,0
7/6/2021,14,46.4,13.5,19.4,5.9,15.6,34.5,13.9,64.2,6.6,48.5,40,8.1,2.5,15.1,11.8
7/7/2021,10.2,4.9,15.5,8,8,27.8,14,0,11.4,13.8,2.6,0,10.2,26.5,0.5,2.6
7/8/2021,87.5,5.4,5.2,16.5,77.5,50.2,13.7,119,9.3,30.2,1.5,45.3,16.1,3.5,21.7,2.8
7/9/2021,2.1,0,4.5,29,25,12.6,3,0,7.7,2.3,25,0,32.3,1,2,23.3
7/10/2021,5.9,0,3.2,48.9,30.8,16.9,17.8,8.9,9.1,6.8,41.8,10,6.9,10.5,17.5,28.8
7/11/2021,0.6,11.3,9,29.8,1.4,45.6,10,2.2,7.1,2,8.6,28.5,14.4,12,4,9.1
7/12/2021,0.6,0,0.6,3.7,0,0.5,0,0,1.7,0,9,0,2.7,0,0,18.9
7/13/2021,0,0,0,6.5,0,0,0,0,0,0,0,0,0,0,0,0
7/14/2021,0,0,0,6.4,0,0,0,0,0,0,0,0,8.5,9,0,0
7/15/2021,21.8,37.5,23.5,15,13.7,37.6,6.7,3.7,4.8,0.9,37,5,28.6,9.5,15,4.4
7/16/2021,0,14.7,5.4,25.5,41.3,1.7,0,3,0.6,0.5,0,0,0,2.5,0.4,0
7/17/2021,0,0,0,0.6,0,0,0,0,0,0,0,0,2.9,0,0,0
7/18/2021,0,0,0,0,0,0,21.5,0,13.5,0,0,0,0,4.5,2.4,0
7/19/2021,4.5,0,6.7,0.8,0.6,0,0,0,0,5.8,5,0,1.5,53.5,0,1.5
7/20/2021,6,0,7.5,26.1,62.4,59.5,14.5,16.8,14.9,5.5,1.2,17,39.9,9.5,5.4,0
7/21/2021,3,0,0,5.7,1,15.1,0,6.9,0,0,0.2,0,0.2,1.5,5.9,3.4
7/22/2021,4.5,4.2,0.4,25.3,3.3,15.6,4,6.5,1.6,4.3,2.8,0,4.9,15.5,3,4.8
7/23/2021,1.1,4.2,4.5,17.2,0.2,1,0.6,3.5,2,2.2,0.5,1,0.5,7,0.4,0
7/24/2021,0,0,0,3.1,0,0,0,0,3,0,0.4,3,2.5,0,0,1
7/25/2021,0.2,0,0,6.8,0,1.2,0,0,0.4,0,0,0,1.8,1,0,0
7/26/2021,0.7,0,0,4.1,1.2,1.6,8.7,0,0,0.5,0,0,0,9.5,9.5,0
7/27/2021,0.7,0,0,3,2.2,1,0,0,0,1.1,0.2,0,1.1,2,0.9,12
7/28/2021,0.6,0,0,0,0,0,0,0,0,0,1,0,0,6.5,0,0
7/29/2021,0.6,0,0,0,4.3,5.6,0,0,0,2.3,0,0,0,0.5,0,0
7/30/2021,0,0,0,2,0,0,0,0,1.9,0,0,0,0,0.5,0,0
7/31/2021,3.5,4.2,0,5.6,0,8.9,0,0,0.8,3.9,0,0,0,1,2.2,0
8/1/2021,0.3,0,2.8,0,4.4,1,0,0,3.6,0.5,0,0,0,0.5,1.8,0
8/2/2021,0.2,6.7,0,1.8,3.1,4.6,11.4,0,1.9,1.5,0,0,0.2,0,1.4,0
8/3/2021,0,0,0,3.6,0.3,0,15.9,0,0,9,13.2,10,0,2,6.3,2
8/4/2021,0.5,0,0,6.5,0,15.6,13.5,0,2.5,0.4,0.2,0,0.6,0,3.3,2.5
8/5/2021,0,0,0,2.3,3.9,2.7,1.4,0,0,0,2.4,0,1.2,0.5,5.7,0.4
8/6/2021,4.6,0,0,13.5,0,0,0,10,0.6,7.5,0.2,0,0.6,2,0,0
8/7/2021,0.7,8.2,0,0,1,28.7,0,4.3,2.7,0,0,0,0,1,0,0
8/8/2021,0,0,0,0,0,0,0,0,4.5,0,0,0,0,0,0,0
8/9/2021,0,0,0,0,0,0,0,0,0,0,0,0,0,0,0,0
8/10/2021,0,0,0,0,0,0,3.5,0,7.1,0,0,0,5.7,0,0,0
8/11/2021,0,0,1.5,0,0.7,0,0,0,0,8.9,0,16,4.1,0,0,0
8/12/2021,14.5,24.5,5.8,0,0,5.2,0,2.4,34.5,0.6,0,0,0,0,0,0
8/13/2021,1.5,0,1.7,1.3,0,0,0.5,0,0.2,0.8,5.5,1,0,7,3.6,7.1
8/14/2021,30,16.9,7,2.2,12.1,61.2,20.7,3.6,2.1,23,1,11.3,7.8,13.5,2.2,1.8
8/15/2021,26,27.5,16.8,24,47.8,44.2,11.5,40.1,40,7.1,7.2,20.1,18.1,7,37.7,9.5
8/16/2021,8,51.5,3.8,19.5,4.8,13.2,8,25.4,10.7,3.4,4.8,12,5.6,2.5,45.6,8.6
8/17/2021,1.5,0,3.3,4.6,0.1,12.1,3.5,0,2.5,8.6,6.5,0,4.1,3,1,8.1
8/18/2021,1,0,0,1.5,0,0,13.2,0,1.2,0,0.4,0,1.6,0.5,0,0
8/19/2021,17.5,18.4,5.7,2.5,3.4,12.5,5.7,15,17.8,27.5,2.6,15.3,2.1,2.5,3.8,5
8/20/2021,7.3,0,0,3.1,6.7,9.8,3.5,3.4,3.6,5.4,0,0,2,0.5,3,0
8/21/2021,0,0,0,15,0,0.2,3.7,0,0,0,0,0,3.7,6.5,0,0
8/22/2021,0,0,0,0,0,23.5,0,0,0.4,0,0,0,2.1,0,0,0
8/23/2021,0.3,0,0,0,1.6,4.2,0,0,0,2.2,0,0,0,0,1.6,0
8/24/2021,74.4,18.2,50.2,40.2,2.2,9.1,0,33.6,35.6,17.8,10,12,15.5,34,3,4.5
8/25/2021,0,2.3,0,24.2,0,0.2,5.6,0,0,0,13.3,0,7.4,3,0,5.1
8/26/2021,0.6,0,0,3.8,0,0,0,1.2,3.2,0,4.2,0,0.7,1.5,0,0
8/27/2021,4,0,1.1,25.1,17.7,25.1,11.6,0,1.2,0.6,29.8,0,0.4,14.5,7,56.1
8/28/2021,0.2,0,5.5,15.6,32,35.4,0,2.7,9.8,0,9.2,19.1,15.3,2.5,3.4,15.4
8/29/2021,4,5.4,0.8,24.2,6.4,40.1,1.2,2.2,6.4,12.2,18.2,0,3.8,0.5,0.7,3.5
8/30/2021,2.8,23.2,15.2,2,0.5,0,0,0,8.1,4.8,0.5,0,0.4,1,0,0
8/31/2021,0,8.2,0,10.5,0,6.7,6.7,0,0,2.5,28.6,0,0,0,0,9.7
9/1/2021,0,2.3,0,0.2,0,0,3.5,0,1.2,0,0,0,0,1,3.5,1.5
9/2/2021,2.5,10.2,0,6.5,1.6,0,0,0,0,0,0,0,6.1,0.5,0,0
9/3/2021,11,2.3,0,14.5,21.9,5.2,5.2,75.9,1.7,9.3,0.6,6.3,2.2,13.5,0,3
9/4/2021,8.8,0,0,0,0,0,0,0,0,0,0,0,0,0.5,0,0
9/5/2021,0.5,0,1.5,0,0,0,43.3,0,0.6,0.8,0.2,0,20.1,1,0,4
9/6/2021,9.1,26.5,1.8,79,1.5,12.1,13,0,0.4,3.6,5.8,0,8.4,13,10.2,22.2
9/7/2021,12.2,6.7,7.5,0,5.4,0,6.5,28.5,13.5,9,9.4,19.2,47.2,0,7.1,34
9/8/2021,6.1,7.2,0,5,9.5,21.2,1.5,8.4,9.3,2.8,33.5,5,6.1,34,3.8,59.2
9/9/2021,27.8,13.5,25.1,44.5,17.9,39.4,20.5,29.5,12.8,18.2,7.5,23.3,8.4,18.5,6.2,31.4
9/10/2021,1,0,1.3,40,3.1,12.1,6.8,2.1,4,0.8,21.2,0,2.1,0.5,11,21
9/11/2021,0,0,0,20,6.9,0,0,0,0,2.6,4,0,0,5.5,1.6,15.2
9/12/2021,0,0,0,3.6,0,0,0,0,0,0,0,0,0,1,0,0
9/13/2021,10.5,27.8,40.1,4.2,5.8,9.6,18.5,43.9,68.4,13.7,23.2,27.5,10.1,1,7,52.7
9/14/2021,21.5,21.8,22,16,13.7,19.1,14,13.7,11.5,21.2,2.2,15,3.1,1,15.8,7.4
9/15/2021,0,0,5.2,47.7,1.2,1.4,0,0,7.2,0,12.6,0,6.5,18,38.7,9.6
9/16/2021,5,4.9,6.4,26.7,5.8,21.1,22.2,5.2,7,12.8,33.8,36.1,2.1,3,7,12.1
9/17/2021,7,0,0.2,10.1,0,0,33,1.5,0,0,10.2,0,0.3,1.5,8.7,15.7
9/18/2021,0,0,0,3,0.5,0,0,0,0,0,0,0,2.2,0,0,0
9/19/2021,0,0,0,0,0,0,0,0,0,0,0,0,7.5,0,0,0
9/20/2021,0.7,18.9,0.5,4.1,2.1,0,1.5,0,0,6.5,0.2,0,9.1,2,0,0
9/21/2021,6.9,2.3,10.4,20.2,21.4,22.1,20.5,15.1,12.7,7.3,23.5,24,23.1,9,0,16.5
9/22/2021,0.7,6.9,5.4,27.8,2.9,0.3,2.6,0,7.7,6.9,43.4,5,10.1,15.5,0.3,54.4
9/23/2021,20,2.3,21.7,0,12.8,4.3,0,15,57.2,4.5,13.4,0,33.7,7.5,2,10.6
9/24/2021,6.6,9.6,0.6,13,0,0.7,5.5,2.6,1.1,3.8,25.5,0,9.5,2,0,22.1
9/25/2021,12,12.3,19.8,63.5,7.2,9.1,5.6,16.5,14.9,14.6,20,15.2,11.1,10.5,18.8,22.6
9/26/2021,1.5,2.3,9.6,50,1.2,4.3,1.4,5.7,13.5,3.1,26.7,0,24.3,11,1.8,7.8
9/27/2021,3.5,6.9,5.6,25,10.1,20.4,9.3,43,3.9,6.8,6.5,21,10,18.6,24,10.4
9/28/2021,0,0,0,0,0,0,0,0,0,0,0,0,0,0,0,15.4
9/29/2021,0,0,0,7.3,0,0,0,0,0,0,0,0,4.2,0,0,0
9/30/2021,0,0,0,2.4,0,0,0,0,0,0,0,0,0,3,0,0
10/1/2021,30.7,16.9,1.2,7.1,8.7,1.8,0,42.9,6.2,5.8,0.4,0,12.9,0,7.2,0
10/2/2021,23,11.8,17.5,73,0,0,0,2,8.5,18.4,0.4,0,7.3,0,0.4,0
10/3/2021,0,0,0,38.1,2.4,1.9,0,0,0.9,0,0.8,11,5.6,1.5,0,0
10/4/2021,0,0,0,0,0,0,0,0,0,0.1,0,0,0,0,0,0
10/5/2021,0,0,0,0,0,0,0,0,0,0,0,0,0,0,0,0
10/6/2021,0,6.9,0,0,0,0,0,0,0,0,27.8,0,0,18,0,17.3
10/7/2021,0,0,0,0,0,0,0,0,0,0,0,0,0,3.5,0,0
10/8/2021,0,0,0,0,0,0,0,0,0,19.2,0,0,0,0,0,0
10/9/2021,0,0,0,0,0,0,0,0,0,0,0,0,0,0,0,0
10/10/2021,12.1,0,5.3,36.5,13.8,3.4,13.6,0,4.9,26.7,0,0,0.5,0,0,0
10/11/2021,1.5,10.2,8.9,15,0.2,0.5,0,3.6,9.1,0,0,0.5,0,0,2,11.7
10/12/2021,6,3.2,0,15.5,0,0,0,7.5,1.3,0,4.2,0,7.3,0,0,11.8
10/13/2021,0,0,0,2.6,0,0,0,0,0,0,0,0,0,0,0,0
10/14/2021,0.3,0,0,3.2,1.5,3.2,0,0,0,2,7.8,1,1.6,0,0.8,7.9
10/15/2021,5.5,11.8,0,76,9.7,1.9,0,4.9,5.4,13.9,14,18,11.3,0.5,9,11.2
10/16/2021,10.7,0,2.5,100.2,7.9,10.5,10.4,3,0.7,3.4,63.9,4.5,10.6,0,8,8
10/17/2021,0,0,0,23,0,0.2,0,0,0,0,0.4,0,0.3,0,0.2,0
10/18/2021,0,0,0,9.5,0,0,5.2,0,0,1.9,2,3.5,1.3,2,0,7.6
10/19/2021,1.2,0,2,146.1,7.6,5,0,1.3,5.2,1,0,2,1.4,5,10,17.8
10/20/2021,0,0,0,0,0,0,0,0,0,10,0,0,0,0,0,0
10/21/2021,0.6,0,0.5,13,0,0,0,0,9.8,0,0,0,0,0,1.2,32.8
10/22/2021,9,3.5,0.3,33.3,46.6,35.6,31.6,6.8,20,105,47.6,7,34.2,94,65.8,111
10/23/2021,40.5,18.5,5.9,51,14.3,16.7,28.6,10.9,46.6,0.8,3.4,6,25.8,2,2.6,0
10/24/2021,0,0,0,0,0,4.3,0,0,0,1.3,3.4,0.5,0,5,1.2,2.5
10/25/2021,0,0,0,0,0,0,0,0,0,0,0,0.2,0,0,0,0
10/26/2021,0,0,0,0,0,0,0,0,0,0,0,0,0,0,0,0
10/27/2021,0,0,0,3.9,0,0,18.2,0,0,0,0,0,0,0,8.5,0
10/28/2021,0,0,0.9,0,0,0,0,0,0,0,0.2,0,0,0,0,0
10/29/2021,0,0,0,23.5,0,3.5,0,0,0,0,69.8,0,7.4,2,0,11.9
10/30/2021,55,17.3,20.9,33,44.2,27.3,3.8,34.3,30,18.4,20.8,7,15.1,10,0,25.8
10/31/2021,23,0,20.7,0,0,0,0,14.8,18,28.1,8.4,35,0.5,4,34.4,0
11/1/2021,0,0,0,0.3,3.4,15.7,0,0,0.8,9.4,0.2,21.5,4.2,0,6.2,0
11/2/2021,0,8.2,0,19,0,0,5.9,0,0,0,0,0.5,0,0,9.3,0
11/3/2021,0,0,0,2,0,0,0,0,0,0,0,0,6.1,0,0.7,0
11/4/2021,0,0,0,3.1,0,0,0,0,0,0,0,0,0,0,0,0
11/5/2021,0,0,0,0,0,0,0,0,0,0,0,0,0,0,0,0
11/6/2021,0,0,0,0,0,0,0,0,0,0,0,0,0,0,0,0
11/7/2021,0,0,0,0,0,0,0,0,0,0,0,0,3.6,0,0,0
11/8/2021,0,0,0,0,0,0,0,0,0,4.7,0,0,0,0,0,3.4
11/9/2021,0,0,0,5.6,0,0,0,0,0,0,0.4,0,0,3.5,0,17.1
11/10/2021,0,0,0,0,8.3,0,0,0,0,0,0,0,0,0,0,0
11/11/2021,0,0,0,0,0,0,1.2,0,0,0,0,0,0,0,0,0
11/12/2021,0,0,0,0,0.5,0,5.9,0,0,1,0,0,0.2,0,11.6,0
11/13/2021,0,0,0,0,0,0,0,0,0,0,0,0,0,0,0,0
11/14/2021,0,0,0,0,0,0,9.5,0,0,0,0,0,0,0,0,0
11/15/2021,0,0,0,0,0,0,0,0,0,0,0,0,0,0,0,0
11/16/2021,0,0,0,0,0,0,0,0,0,0,0,0,0,0,0,0
11/17/2021,0,0,0,0,0,0,0,0,0,0,0,0,0,0,0,0
11/18/2021,0,0,0,0,0,0,0,0,0,0,0,0,0,0,0,0
11/19/2021,0,0,0,0,0,0,0,0,0,0,0,0,0,0,0,0
11/20/2021,0,0,0,0,0,0,0,0,0,0,0,0,0,0,0,0.5
11/21/2021,0,0,0,0,0,0,0,0,0,0,0,0,0,0,0,0
11/22/2021,0,0,0,0,0,0,0,0,0,0,0,0,0,0.2,0.2,0
11/23/2021,30.5,0,2.2,0,2.3,5,5,41.5,22.6,16.8,17.5,0,3.7,1,7.5,5.8
11/24/2021,0.2,0,0,0,0,0,0,0,0,0,0,0,0,0,0,0
11/25/2021,0,0,0,0,0,0,3.9,0,0,0,0,0,0,0,1,0
11/26/2021,0,0,0,0,1.1,35.4,0,0,2.1,1.1,0,0.5,4.1,0,3.3,3.1
11/27/2021,2.2,0,0,0,0,0,0,0,0,0,0,0,0,0,0,0
11/28/2021,0,0,0,0,0,0,0,0,0,0,0,0,0,0,0,0
11/29/2021,0,0,0,0,0,0,0,0,0,0,0,0,0,0,0,0
11/30/2021,0,0,0,0,0,0,0,0,0,0,0,0,0,0,0,0
12/1/2021,0,0,0,0,0,0,0,0,0,0,0,0,0,0,0,0
12/2/2021,0,0,0,0,0,0,0,0,0,0,0,0,0,0,0,0
12/3/2021,0,0,0,0,0,0,0,0,0,0,0,0,0,0,0,0
12/4/2021,0,0,0,0,0,0,0,0,0,0,0,0,0,0,0,0
12/5/2021,0,0,0,0,0,0,0,0,0,0,0,0,0,0,0,0
12/6/2021,0,0,0,0,0,0,0,0,0,0,0,0,0,0,0,0
12/7/2021,0,0,0,0,0,0,0,0,0,0,0,0,0,0,0,0
12/8/2021,0,0,0,0,0,0,0,0,0,0,0,0,0,0,0.2,0
12/9/2021,0,0,0,0,0,0,0,0,0,0,0,0,0,0,0,0
12/10/2021,0,0,0,0,0,0,0,0,0,0,0,0,0,0,0,0
12/11/2021,0,0,0,0,0,0,0,0,0,0,0,0,0,0,0,0
12/12/2021,0,0,0,0,0,0,0,0,0,0,0,0,0,0,0,0
12/13/2021,0,0,0,0,0,0,0,0,0,0,0,0,0,0,0,0
12/14/2021,0,0,0,0,0,0,0,0,0,0,0,0,0,0,0,0
12/15/2021,0,0,0,0,0,0,0,0,0,0,0,0,0,0,0,0
12/16/2021,0,0,0,0,0,0,0,0,0,0,0,0,0,0,0,0
12/17/2021,0,0,0,0,0,0,0,0,0,0,0,0,0,0,0,0
12/18/2021,0,0,0,0,0,0,0,0,0,0,0,0,0,0,0,0
12/19/2021,0,0,0,0,0,0,0,0,0,0,0,0,0,0,0,0
12/20/2021,0,0,0,0,0,0,0,0,0,0,0,0,0,0,0,0
12/21/2021,0,0,0,0,0,0,0,0,0,0,0,0,0,0,0,0
12/22/2021,0,0,0,0,0,0,0,0,0,0,0,0,0,0,0,0
12/23/2021,0,0,0,0,0,0,0,0,0,0,0,0,0,0,0,0
12/24/2021,0,0,0,0,0,0,0,0,0,0,0,0,0,0,0,0
12/25/2021,0.2,0,0,0,0,0,0,0,0,0,0,0,0,0,0,0
12/26/2021,0,0,0,0,0,0,0,0,0,0,0,0,8.5,0,0,0
12/27/2021,0,0,0,0,0,0,0,0,0,0,0,0,0,0,0,0
12/28/2021,0,0,0,0,0,0,0,0,0,0,0,0,0,0,0,0
12/29/2021,0,0,0,0,0,0,0,0,0,0,0,0,0,0,0,0
12/30/2021,0,0,0,0,0,0,0,0,0,0,0,0,0,0,0,0
12/31/2021,0,0,0,0,0,0,0,0,0,0,0,0,0,0,0,0
1/1/2022,0,0,0,0,0,0,0,0,0,0,0,0,0,0,0,0
1/2/2022,0,0,0,0,0,0,0,0,0,0,0,0,0,0,0,0
1/3/2022,0,0,0,0,0,0,0,0,0,0,0,0,0,0,0,0
1/4/2022,0,0,0,0,0,0,0,0,0,0,0,0,0,0,0,0
1/5/2022,0,0,0,0,0,0,0,0,0,0,0,0,0,0,0,0
1/6/2022,0,0,0,0,0,0,0,0,0,0,0,0,0,0,0,0
1/7/2022,0,0,0,0,0,0,0,0,0,0,0,0,0,0,0,0
1/8/2022,0,0,0,0,0,0,0,0,0,0,0,0,0,0,0,0
1/9/2022,0,0,0,0,0,0,0,0,0,0,0,0,0,0,0,0
1/10/2022,0,0,0,0,0,0,0,0,0,0,0,0,0,0,0,0
1/11/2022,0,0,0,0,0,0,0,0,0,0,0,0,0,0,0,0
1/12/2022,0,0,0,0,0,0,0,0,0,0,0,0,0,0,0,0
1/13/2022,0,0,0,0,0,0,0,0,0,0,0,0,0,0,0,0
1/14/2022,0,0,0,0,0,0,0,0,0,0,0,0,0,0,0,0
1/15/2022,0,0,0,3.5,8.1,0,0,0,0,3.7,1.6,10.5,2.9,12,13.2,0
1/16/2022,6,4.8,10,8.5,9,5.2,15,0.8,5.8,31,0,0,0.7,0,2.1,0
1/17/2022,3,0,0,0,0,0.5,0,0,0,0,0,0,0,0,0,0
1/18/2022,7.4,20.2,7.8,0,0,0,3,4.8,4.7,0.3,29.2,5,0.6,0,7.5,21.2
1/19/2022,19.2,0,0,6.5,5.6,0,10,9.8,3.2,4.2,2,0.6,0,1.5,26.1,12
1/20/2022,4.4,8.7,15.2,4,9.1,5.4,0,4.7,3.6,24.4,4.2,25,1.8,6.5,5.2,22
1/21/2022,4.4,0,0,0,0.2,3.9,0,0,0,0.9,0,0,0,0.5,0,0
1/22/2022,0,0,0,0,0,0,0,0,0,0,0,0,0,0,0,0
1/23/2022,0,0,0,0,0,0,0,0,0,0,0,0,0,0,0.2,0
1/24/2022,0,0,0,0,0,0,0,0,0,0,0,0,0,0,0,0
1/25/2022,0,0,0,0,0,0,0,0,0,0,0,0,0,0,0,0
1/26/2022,0,0,0,0,0,0,0,0,0,0,0,0,0,0,0,0
1/27/2022,0,0,0,0,0,0,0,0,0,0,0,0,0,0,0,0
1/28/2022,0,0,0,0,0,0,0,0,0,0,0,0,0,0,0,0
1/29/2022,0,0,0,0,0,0,0,0,0,0,0,0,0,0,0,0
1/30/2022,0,0,0,0,0,0,0,0,0,0,0,0,0,0,0,0
1/31/2022,0,0,0,0,0,0,0,0,0,0,0,0,0,0,0,0
2/1/2022,0,0,0,0,0,0,0,0,0,0,0,0,0,0,0,0
2/2/2022,0,0,0,0,0,0,0,0,0,0,0,0,0,0,0,0
2/3/2022,0,0,0,0,0,0,0,0,0,0,0,0,0,0,0,0
2/4/2022,11.4,0,0,0,4.6,0,8.4,10.5,9.2,0,14.5,0,0,0,0,0
2/5/2022,5.8,7.8,2.7,17,1.9,2.4,36,4.5,12.1,0,22.3,15.3,11,12,38.8,6.3
2/6/2022,0.2,0,0,0,0.9,0,0,0,0,7,0,0,0,0,0,0
2/7/2022,0,0,0,0,0,0,0,0,0,0,0,0,0,0,0,0
2/8/2022,0,0,0,0,0,0,0,0,0,0,0,0,0,0,0,0
2/9/2022,0,0,0,0,0,0,0,0,0,0,0,0,0,0,0,0
2/10/2022,0,0,0,0,0,0,0,0,0,0,0,0,0,0,0,0
2/11/2022,0,0,0,0,0,0,0,0,0,0,0,0,0,0,0,0
2/12/2022,0,0,0,0,0,0,0,0,0,0,0,0,0,0,0,0
2/13/2022,0,0,0,0,0,0,0,0,0,0,0,0,0,0,0,0
2/14/2022,0,0,0,0,0,0,0,0,0,0,0,0,0,0,0,0
2/15/2022,0,0,0,0,0,0,0,0,0,0,0,0,0,0,0,0
2/16/2022,0,0,0,0,0,0,0,0,0,0,0,0,0,0,0,0
2/17/2022,0,0,0,5.2,0,0.2,0,0,0,0,0.8,0,1.5,0.5,0,0
2/18/2022,42,14.8,0.9,8,14.6,2.1,18,34.5,16,20.6,0.5,0,9.8,11,9.4,0
2/19/2022,10,4.3,2.5,0,25.3,2.9,0,4.8,3.1,1.8,27.7,1.3,1.7,2.6,11.7,11
2/20/2022,0,0,0,0,0,0,0,0,0,0,0,0,0,0,0,0
2/21/2022,0,0,0,0,0,0,0,0,0,0,0,0,0,0,0,0
2/22/2022,0,0,0,0,0,0,0,0,0,0,0,0,0,0,0,0
2/23/2022,0,0,0,0,0,0,0,0,0,0,0,0,0,0,0,0
2/24/2022,0,0,0,0,0,0,0,0,0,0,0,0,0,0,0,0
2/25/2022,0,0,0,0,0,0,0,0,0,0,0,0,0,0,0,0
2/26/2022,0,0,0,0,0,0,0,0,0,0,0,0,0,0,0,0
2/27/2022,0,0,0,0,0,0,0,0,0,0,0,0,0,0,0,0
2/28/2022,0,0,0,0,0,0,0,0,0,0,0,0,0,0,0,0
3/1/2022,0,0,0,0,0,0,0,0,0,0,0,0,0,0,0,0
3/2/2022,0,0,0,0,0,0,0,0,0,0,0,0,0,0,0,0
3/3/2022,0,0,0,0,0,0,0,0,0,0,0,0,0,0,0,0
3/4/2022,0,0,0,0,0,0,0,0,0,0,0,0,0,0,0,0
3/5/2022,0,0,0,0,0,0,0,0,0,0,0,0,0,0,0,0
3/6/2022,0,0,0,0,0,0,0,0,0,0,0,0,0,0,0,0
3/7/2022,14.8,27.5,39.7,26,12.7,6.1,0,26.7,33.8,5.8,23.7,8,17.4,0.5,13.9,0
3/8/2022,0,0,0,0,0,0,0,0,0,0,0,0,0,0,0,0
3/9/2022,0,0,0,0,0,0,0,0,0,0,0,0,0,0,0,0
3/10/2022,0,0,0,0,0,0,0,0,0,0,0,0,0,0.5,0,0
3/11/2022,0,0,0,0,0,0,0,0,0.3,0,0,0,0,1,0,23
3/12/2022,0,0,0,0,0,0,0,0,0,0,0,0,0,0,0,0
3/13/2022,0.2,0,0,0,0,0,0,0,0,0,0,0,0,0,0,0
3/14/2022,0,0,0,11,0,0,0,0,0,0,7.6,0,0,0.2,0,6.5
3/15/2022,0,0,0,0,0,0,0,0,0,0,0,0,3.1,0,0,0
3/16/2022,0,0,0,0,0,0,0,1.3,0,0,0,0,0,0,0.2,0
3/17/2022,0,0,0,7.9,1.6,0.9,0,0,0,0.2,0,0,0,0,1.4,0
3/18/2022,0,0,1,0,0,0,0,0,0,0,0,0,0,0,3.2,2.7
3/19/2022,0,0,0,0,0,0,0,0,0,0,0.4,0,0,1.2,0,0
3/20/2022,0,3.2,1.7,0,0,0,0,0,0.3,0,0,0,0,0.4,0,0
3/21/2022,0,0,0,0,0,0,0,0,1.1,1.6,1.6,0,0.5,0,0,0
3/22/2022,9.5,4.8,2.3,9.5,14.1,3.2,0,10,10.8,7.4,13.8,0,3,15.8,11,3.3
3/23/2022,0,0,0,0,0,0,0,0,0,0,0,0,0,0,0,0
3/24/2022,0,0,0,0,0,0,0,0,0,0,0,0,0,0,0,0
3/25/2022,0,0,0,0,0,0,0,0,0,0,0,0,0,0,0,0
3/26/2022,0,0,0,0,0,0,0,0,0,0,0,0,0,0,0,0
3/27/2022,0,0,0,0,0,0,0,0,0,0,0,0,0,0,0,0
3/28/2022,3.5,0,0,0,0,0,0,0,0,1.7,0,0,0,0,0.4,0
3/29/2022,0,3.2,0,0,0,0,0,0,0,0,0,0,0,0,0,0
3/30/2022,0,0,1.2,0,0,0,0,0,0.8,0,0,0,0,0,0,0
3/31/2022,15,0,0,0,1.2,6.2,0,18.5,0,1.3,0,0,0,0,6,0
4/1/2022,18.8,3.5,6.8,3,48.9,2.6,0,41.5,41.3,15.8,93.8,18,5.9,4,50.4,9.6
4/2/2022,19.2,42.3,3.7,76.9,57,44.4,24,28,75,17.2,16.7,0,12.7,0,22.3,0
4/3/2022,0,0,0,0.5,0,0,0,0,0.2,0,0,0,0,0,0,0
4/4/2022,0.2,0,0,0,0,0,0,0,0,0,0,0,0,0,0,0
4/5/2022,0,0,0,0,0,0,5,0,0,0,0,0,0,0,0,0
4/6/2022,0,0,0,1,4.5,4.8,9,0,0,3.5,0,29.5,0,0.2,8.8,0
4/7/2022,4,0,0.4,39.5,3.2,1.1,0,3.6,23.7,23.5,38.2,0,0,29,1.8,41.5
4/8/2022,0,0,0,23,0,0,0,0,0,7.6,0.6,0,10.5,17.2,0,0.8
4/9/2022,1.2,0,0,0.5,0,0,0,3.6,0,0,0.2,0,0,0,12.6,0
4/10/2022,0,0,0,0,0,0,0,0,0,0,0,0,7.9,12.5,0,0
4/11/2022,0,0,0,0,0,0,0,0,0,0,0,0,0.5,0,0,0
4/12/2022,0.2,0,0,0,0,0,0,0,0,0,0,0,0,0,2.9,0
4/13/2022,0.4,0,0,0,0,0,0,0,0,0,0,0,0,0,0,0
4/14/2022,0,0,0,0,0,0,0,0,0,0,0,0,0,0,0,0
4/15/2022,0,0,0,0,0,0,0,0,0,0,0,0,0,0,0,0
4/16/2022,0,0,0,0,0,0,7.5,0,0,0,0,0,0,0,0,0
4/17/2022,0,0,3.1,10.1,0,0,0,0,0,0,0,0,0,3.5,0,0
4/18/2022,42.2,10.2,45.5,13.5,9.6,2.1,10.5,56.3,75.1,32.3,4,0,73.7,7,30.7,2.6
4/19/2022,1.8,0,0,31,0,1.8,1.2,2.1,0.5,12.6,0.2,6.8,23.8,10.8,0.8,0
4/20/2022,0.4,0,12.7,0,0.9,0.6,0.5,0,0,0,11.3,0,2.2,7.5,4,29.5
4/21/2022,0.2,6.9,0,2.3,0,3.1,0,3.2,3.9,14.7,0.6,16.5,0,2,0.4,0
4/22/2022,0.6,0,0,0,0,0,0,0,0,0,0,0,0,0,0,0
4/23/2022,0,0,0,0,0,0,0,0,0,0,0,0,0,0,0,0
4/24/2022,0,0,0,0,0,0,5,0,0,0,0,0,14.9,0,10,0
4/25/2022,0,0,0,0,0,0,0,0,0,0,0,0,0,0,0,0
4/26/2022,0,0,0,0,4.5,0,0,0,3.3,0,0,0,0,0,0,1.5
4/27/2022,0,0,0,0,0,0,0,0,0,0,0,0,0,0,0,0
4/28/2022,0,0,0,8.9,0,0,11.5,0,2.6,0,0,0,0,0.2,0,0
4/29/2022,0,0,0,0,0,0,0,0,0,0,0,0,0,0,0,0
4/30/2022,0,0,1.6,6.2,0,0,2.3,0,13.4,0,2,0,9.4,23,0,3.5
5/1/2022,2.2,0,0,3.1,13.2,2.1,13.5,2.5,3.3,8.5,30.6,0,12.2,25,12,18.5
5/2/2022,0,0,0,0,0,0,0.5,0,0,0,0,9.5,0,0,0,0
5/3/2022,0,0,0,0,0,0,0,0,0,0,0,0,0,0,0,0
5/4/2022,0,0,0,0,0,0,0,0,0,0,0,0,0,0,0,0
5/5/2022,0,0,0,27.3,0,0,0,0,0,0.5,3.8,0,3.9,0,1.8,0
5/6/2022,34.4,22.5,64.8,8.9,40.8,12.6,0,47.5,55.6,18.8,35.7,15.6,68.9,23.8,80.8,11.2
5/7/2022,3.1,36.3,3,6,0,0,0,7.6,0.2,25.8,5.4,0,0,5.5,0,14.8
5/8/2022,2.2,16.4,1.1,0,6.1,3.6,33.5,3.1,6.1,12.2,3,1,5.6,1.5,12.6,0
5/9/2022,4.1,31.4,33.3,10.1,2.1,5.7,11,0,1.8,19.7,0,0,9.5,8,0,13.3
5/10/2022,10.6,19.2,28.5,59.1,68.8,20.6,35.2,10.2,37.2,42.7,0,2,21.2,27,13.9,4
5/11/2022,1,0,0,7.3,0.6,0.6,10.7,0,0.8,3,16.4,5,4.5,8.5,5,8
5/12/2022,0,0,0,0,0,0.2,0,2.3,0.9,6.8,0,0,3.5,1.2,0,0
5/13/2022,2.2,0,0,0,0,1.8,0,0,1.8,0.7,0,0,0,0,0,0
5/14/2022,0,0,0,0,0,3.1,0,0,0,0,0.2,0,31.5,0,0,0
5/15/2022,0,0,0,0,0.6,0.3,0,0,0,16.4,0,24.5,0,0,0,0
5/16/2022,16.8,26.2,94,0,45,4.7,0,15.8,1.9,19.7,0,0,3.4,0,9.7,0
5/17/2022,0.8,0,2.5,16,5.5,0,18.6,0,2.9,0,2.6,2,0.6,5,24.3,0
5/18/2022,15.3,6.8,26.7,100.2,26.5,2.5,0,17.3,4.1,0,61.5,0,30.9,28,7.8,6.6
5/19/2022,7.4,22.6,4.4,13.8,0.3,0,1.7,3.7,25.3,2.3,12,11.2,3.9,5.5,0,38.8
5/20/2022,63.8,51.6,37.3,143.9,67.8,19.5,33.5,56.9,92.6,8.3,69.6,25.5,61.1,91.5,70.8,93.3
5/21/2022,73.4,96.3,76.8,76.7,85.7,21.2,66.5,55.1,65.1,34.7,84.8,22,54.5,17,22.3,48
5/22/2022,2,8.9,0.9,0,1,1.7,0,0,0,17,0,0,0,11,6.3,0
5/23/2022,0,0,0,8.5,0,1.8,0,0,0,0,0,0,4.8,4.5,0,11
5/24/2022,1.4,42.3,46.2,10.5,1,2.6,0,0,3.7,0,6.8,0,21.5,2.5,10.3,0
5/25/2022,0.2,0,0,0,0,0,0,0,0,0,0,0,0,0.5,0.6,0
5/26/2022,0.6,0,0,0,0,0,0,0,0,0,0,0,0,0,0,0
5/27/2022,7.8,0,1.5,1.6,0,1.1,0,0,13.1,0,0,0,0,0,0.8,0
5/28/2022,0,0,0,0,0,0,0,0,0,0,0,0,0,0,0,0
5/29/2022,10.6,8.3,3.5,5.5,0,0,0,0,0.3,0,0,0,4.8,0,0,0
5/30/2022,0.8,14.3,0.7,10,0,0,0,0,0,0,0,0,0.5,0,0.9,0
5/31/2022,14.2,11.2,8.9,15.5,1.3,2.6,8.7,5.8,33.3,2.7,2.4,1,11.1,21,2.5,2.9
6/1/2022,0.4,0,0,5,0,8.4,10,0,0,0,0,0,11.6,0.5,0,0
6/2/2022,0,0,0,0,0,0,0,0,0,0,0,0,0,0,0,0
6/3/2022,0,0,0,3.5,7,0,0,0,0,0,0,0,0,0,0,25.4
6/4/2022,0,0,0,0,0,0,0,0,0,0,0,0,0,0,0,4.5
6/5/2022,8.5,0,16.7,5,0,0,0,4.6,19.2,0,0,0.3,36.9,10,0,0
6/6/2022,8.4,14.8,0.9,8.7,0,0,0,3.4,0.3,0,0,0,1.9,1,0,0
6/7/2022,0,16.7,15.8,8.1,0,0,8.1,0,0,0,2.6,0,0,1,0,3.7
6/8/2022,0.2,0,0,2.8,0.7,1.1,0,0,0,0,0,0,0,1.2,0.8,1.2
6/9/2022,0.8,0,0,10.4,0,0,0,0,0,0,1.6,0,0,0.5,19.1,0
6/10/2022,0,0,0,2.2,0,0,0,0,0,0,0,0,0,0,0,0
6/11/2022,0,0,0,0,3.3,2.4,0,0,0,0,0,0,0,0,0,0
6/12/2022,5.4,0,0,1.9,0,0,0,0,0,0,0,0,0,1.5,0,0
6/13/2022,0,0,0,0,0,3.1,0,0,0,0,0,0,1.2,0,1.6,0
6/14/2022,0,11.8,4.2,2.2,12,0,0,0,0,0,0,0,1.2,0.5,0,0
6/15/2022,8,0,0,3.5,9.7,19.4,11.2,9.5,2.9,14,0,0,0,3.5,4.7,0
6/16/2022,5.2,0,1.4,1,0,0,5.7,3.6,0,0,0,0,0,0,0,0
6/17/2022,0,0,0,3.5,5.8,7.2,1.2,1.2,1.2,1.7,0.2,17.8,19.9,5,0.2,0
6/18/2022,0,0,0,0,0,2.1,0,0,0,1.8,0.5,0,0,1,0,0
6/19/2022,1,0,0,0,0,0,0,1.7,0,0,0,0,0,0,1.7,0
6/20/2022,0,0,23.3,0,1.9,1.2,0,0,0,0,0,0,4.9,0,0,0
6/21/2022,1.4,0,2.7,0,9.8,0,0,4,0.2,16.4,0,0.5,0,14,0,0
6/22/2022,0,0,0,5.7,0,0,0,0,2.1,0,0,0,0,0.5,3.1,0
6/23/2022,12.4,0,0,3.9,0.7,0,0,10.5,0.5,6.8,0,0,2.2,12,3.1,0
6/24/2022,0,0,0,0,0.2,0,0,0,0,0,0,0,0,0,0.4,0
6/25/2022,0.6,0,0,9.8,3,6.7,0,0,0,0,8.6,0,3.2,6,2.4,15.6
6/26/2022,0.6,0,0,19.2,0,0,0,0,0,1.5,0.6,0,0,25.5,1.6,3.9
6/27/2022,0.2,0,0,7,0,0,20.4,0,0,0,0.5,0,4.2,5,1.5,1
6/28/2022,0.4,16.8,0,0,0,0,0,0,0,0,0,0,0,0,0.5,6.5
6/29/2022,15.8,16.9,6.7,1,11.6,10.2,21.5,10.4,6.1,16.6,0.2,0.7,5.1,1,27,0
6/30/2022,13.6,6.2,16.9,13.1,5.3,6.4,25.6,3.7,8.1,6,3,10.5,35.1,3.5,19.4,0
7/1/2022,4.4,6.4,0,7.1,7.3,5.5,41.5,6,3.1,8.8,0.8,0,2.3,6,2.2,0
7/2/2022,0,0,0,2.2,0.3,1.1,1.5,0,0.8,1.9,0,0,2,3.5,2.4,0
7/3/2022,3.2,3.5,0,2.5,0.5,0,0,0,0,3.8,0,0.6,0,3,0,0
7/4/2022,0,0,0.7,5.5,4.7,0,0,0,0,0,6.2,0,0,1.5,0,0
7/5/2022,0,0,0,4.5,0,0,0,0,0.6,0,0,0,56.6,0.5,0,0
7/6/2022,9.4,5.7,2.7,30.8,2.9,20.3,6.4,11,10.5,2.1,10.2,0.4,4.9,18.5,3,6.2
7/7/2022,0.2,0,0,3.5,2.2,5.6,13.6,1.5,10.7,23.4,0,0,5.1,9,18.9,0
7/8/2022,68,22.5,1.7,2.5,40.6,0.5,3,61,8.1,87,22,1.5,2.1,17,1.8,7.8
7/9/2022,4.8,40.3,3.6,3.2,0,0,20.6,0,2.5,0,11,0,0,8,2.8,5.1
7/10/2022,1.2,12.5,0,0,0.2,0,7.6,0,0,0.3,6,0,8.1,3.5,0,0
7/11/2022,59.8,77.8,0,4.9,10.2,6.3,5.3,12,50.5,10.4,3.8,0,5.7,10.5,0,6.9
7/12/2022,0.8,0,0,10,8,0,3.6,0,1.1,6.8,3,0,9.6,8,1.8,0
7/13/2022,3.8,16.7,2.5,10.1,6.6,17.6,28.8,2.7,8.7,10.2,23.7,0,9.2,12.5,19,17.5
7/14/2022,28,12.4,6.9,28.9,11,26.5,0,9.4,23.2,3.5,8.5,10.5,15.5,16,3.9,29.4
7/15/2022,30,0,0,10.1,12.8,4.1,5.8,36,2.3,2,1.6,1,1.2,4,11,0
7/16/2022,0,3.2,5.5,5.7,0,5.2,0,2.5,1.7,0,0,0,8.3,5,4.2,0
7/17/2022,0.6,0,0,0,0,0,0,0,0,2,0,0,2.4,0,0.2,0
7/18/2022,0.2,0,0,0,0,0,14.3,0,0,0,0,0,0,0,0,0
7/19/2022,7.6,32.2,12,1.5,44.2,10.1,6.7,6.7,5.4,16.8,0.4,0.1,6.1,0.5,6.5,1.7
7/20/2022,0.2,3.7,0,15.3,0,0,12.3,0,0.5,5.6,0,2.4,7.5,3.5,13.9,3.6
7/21/2022,8.8,11.2,9.7,50.2,8,23.8,6.2,10,9.6,3.5,38.7,0,52.2,30.5,2.1,27.9
7/22/2022,33.4,25.8,50.4,13,33.8,57.2,5.7,22.3,59.7,60.3,2.2,5.6,5.5,6,15,12.8
7/23/2022,5,16.9,7.8,22,21.1,27.1,11.3,28.2,31.6,10.3,12.4,7.5,35.9,3.5,21.6,2.6
7/24/2022,0,6.8,4,1,14.3,1.6,0,0,0,0,0,0,0,12,0,0
7/25/2022,1,0,37.5,0,18.5,0,0,0,1.4,1.2,7.2,0,4.3,1.5,0,0
7/26/2022,0,0,0,0,0.9,0,0,0,0,0,0,0,0,0,0,0
7/27/2022,0,0,0,15.5,0,0,0,0,0,0,0,0,0,0,0,0
7/28/2022,0,0,0,0,0,0,0,0,0,0,0,0,0,11.5,0,0
7/29/2022,0,0,0,16.8,0,0,0,0,0,0,0,0,1,16.5,0,0
7/30/2022,16.5,26.8,5.7,2.3,26.5,27,24.4,11.5,30,27.5,21.2,0.2,1.2,1,16.6,17
7/31/2022,35,0,0.5,7.6,4.2,6.5,5.3,2.3,2.1,33.5,0,0,31.2,2.5,9,0
8/1/2022,7.8,7.8,4.7,7.3,0.6,2.3,8.7,15.4,5,0,1,0,1.2,21,0,0
8/2/2022,11.4,2.3,0,21,18,0,7.2,5.8,12.9,1.5,2.4,2.5,2.6,2,27.8,25.2
8/3/2022,0.6,10.8,0,9.7,0,0,0,0,0,0,2.6,0,0.6,8.5,0,0
8/4/2022,0,0,0,25.6,0,6.8,8.6,0,0,0,1.2,0,13.6,25.5,1,18.4
8/5/2022,7.2,31.7,7.7,5.8,7.9,0,34.2,4.5,5.6,11.5,4.8,2.3,4.4,3,3.1,2.9
8/6/2022,0.6,73.5,17.8,22.5,10.7,6.5,0,6,15.2,57.2,0,14.1,11.8,1.4,15.6,2
8/7/2022,10.8,36.8,9.8,52.2,16,30.2,28.3,4.2,6.2,14.5,3,2,27.9,20.2,8.4,3.6
8/8/2022,11,26.9,26.5,20.1,47.1,49.5,15,18.2,21.1,23,11.5,1.3,52.2,26.8,28.6,10.6
8/9/2022,0.6,2.8,0,10,0.8,0,0,0,0,0,2.4,0,2.1,34,0,0
8/10/2022,1,0,2,9.9,3.8,18.1,15.6,3.6,4.8,38.6,0.4,0,0,12.8,11.2,0
8/11/2022,1,75.8,22,12,19.1,26.7,54.5,19.2,16.7,26.6,11,7.5,20.3,10.4,47.3,7.2
8/12/2022,18.5,21.2,14.7,34.5,5.2,17.2,5,11.2,10.7,4.2,12.3,1.5,36.5,12.2,5.2,16.8
8/13/2022,1.8,0,13,2,9.6,0,3.5,1,1.9,17.4,0,0,17.2,1,0.5,1.7
8/14/2022,0,0,0,0.5,0.3,0,0,0,0,0,0,0,0,0,0,0
8/15/2022,45.8,40.3,10,7.4,0.8,2.6,9.5,36.2,2.2,11.4,1.2,16.4,1.1,8.2,0,12
8/16/2022,19.8,7.8,35,41,2.8,8.1,2.4,8.1,21.9,1.8,15.4,1.4,23.3,17,13.9,29.1
8/17/2022,0.8,13.8,0,24.2,11.9,3.2,11.4,3,12.9,15.8,11.2,0,1.2,4,39.6,16.9
8/18/2022,0,0,0,3.5,0,0,3,0,0,0,0,0,0,0.2,0.2,0
8/19/2022,0,0,0,0.5,0,0,0,0,0,1.5,0,0,3,0,0,0
8/20/2022,0,8.5,0,0,0,0,4.5,0,0,0,0,0,0.5,4.8,0,0
8/21/2022,70.2,70.8,11.5,1.5,10.2,3.9,0,13.5,4.9,34.3,0.8,9.2,2.1,0.4,12.4,0
8/22/2022,8.2,0,4.3,35.1,7,9.5,6.4,6.3,4.2,0.6,5.4,1.4,1.9,3,3.9,14.4
8/23/2022,0,0,0,8.2,0,0,0,0,0,0,0,0,0,0,0,0
8/24/2022,88.2,25.3,25.1,0,0.2,7.9,0,33.8,7.3,17.3,1.8,2,3.8,2.2,4,3.5
8/25/2022,29.2,33.2,2.3,5.1,9,1.2,0,29.4,3.1,11.2,12,0,15.1,0.8,3.2,7.3
8/26/2022,34.8,0,1.4,24.6,2.4,21.2,11.4,32,10,7.3,4,10,0.5,29,82.6,8.7
8/27/2022,14.8,17.8,37.6,4.6,7.1,191.4,0,2.5,0.1,0,3.5,9.2,13,11.4,15,5.5
8/28/2022,0,0,0,25.7,0,0,0,0,0,0,0,0,0,0,0,0
8/29/2022,0,0,18.2,4.8,4.2,0,0,0,4.2,0,0,0,0,0,0,0
8/30/2022,0,0,0,0,0,0,0,0,0,0,0,0,0,0,0,0
8/31/2022,0.4,2.1,0,14.2,5.9,0.5,11.4,0,14.2,0,0,0,4.6,0.6,0.5,0
9/1/2022,0,0,0,0,0,0,11.6,0,0,0,0,0,0,0,0,0
9/2/2022,0,35.6,0,19,0,0,0,0,0,0,0,0,0,0,0,0
9/3/2022,0,0,0,30.1,0,0.2,0,0,0,0,0,0,0.6,0,0,0
9/4/2022,0,6.5,2.8,2.1,2.8,0,2.4,0,8.4,21.4,7,0,3.6,0,0,0
9/5/2022,12.8,36.4,6.2,1.5,3.1,0.3,0,15.6,7.6,14.5,0.6,0,0.8,1,5.7,0
9/6/2022,20.2,10.5,0.4,8.2,3,3.5,1.3,5,1,8.2,1.4,10.2,20,10.6,6.4,26
9/7/2022,6,14.8,11.8,20.2,0.1,0.4,0,8.5,5.2,0.1,0,1,13.3,0,0.6,5.6
9/8/2022,10,15.4,26.7,27,38.4,35.6,0.6,4.8,4.5,41.3,26.8,7.3,12.9,11,14.2,11.4
9/9/2022,30.4,16.8,15.6,82.7,20.8,13.6,0,29.2,19.4,33.2,82.8,12,9.9,31.4,3.8,41.2
9/10/2022,5.8,6.2,6.3,34.6,3.9,10.2,26.4,3.6,2.5,4.5,48,2.5,43.3,12.8,22.4,32.6
9/11/2022,8.6,22.6,21,76.4,45.5,82.4,12.2,12,28,19.4,8.4,14.3,20.8,20.4,25.6,13.3
9/12/2022,8.6,9.5,4.9,0,11.4,11.2,10.3,7.7,8.6,25.6,0.2,0.5,3.1,5.2,6.7,2.6
9/13/2022,34.6,18.7,11.3,19.3,10.2,8.1,53.3,5.8,1.8,19.7,0.6,0,53.5,29.6,26.6,0
9/14/2022,6.4,0,4.5,16.5,0,0,7.1,17,17.4,3.2,0,0,0,10.2,0,0
9/15/2022,0.4,18.5,0,0,0,0,9.5,0,0.6,0.8,0,0,1.2,0,0.4,0
9/16/2022,0,0,0,0,0,0,0,0,0,0,0,0,0,0.8,7.6,0
9/17/2022,0,0,2,59.8,8,1.8,0,11,13.5,4.8,0.2,0,1.9,23,28,2.3
9/18/2022,0.8,2.5,5.7,1,25,12.4,0,3,9.4,1.8,4.8,16.3,24.8,13.2,1.9,0
9/19/2022,0,0,0,11.5,0,0,0,0,0,7.5,0,0,0,0,2.4,0
9/20/2022,10.8,2.3,0,10.5,2.3,2.7,36.4,11,5.9,5.8,21,0,7.6,4.4,13,16.5
9/21/2022,0,2.6,0,0,12.5,0.4,8,0,0,0,1.6,0,3.9,2.2,14.6,0
9/22/2022,9,10.2,3.4,5.7,9.3,8.6,6.5,10.9,30.1,13.3,19.2,12,10.6,0.2,10.4,2.4
9/23/2022,17,32.6,0,37,6.5,11.9,3.5,6.8,9.1,9.8,31.1,1.6,31.1,13.2,3.6,12.6
9/24/2022,30.8,45.6,27.6,63,24.6,56.5,6,55.8,52.5,10.4,36,26.8,106.9,8.8,0.4,42.5
9/25/2022,35.2,17.2,37.2,38,15.8,12.1,17.2,25,15.9,13,20.4,8,22.6,7.2,19,22.2
9/26/2022,2,7.5,0,32.5,0.2,6.6,0,8.5,10.6,3.2,16,5.4,24.8,3.6,3.4,15.6
9/27/2022,2.6,6.9,7.8,0,0,0,0,0,0,0,0,0,0.3,0,0,0.8
9/28/2022,0,0,0,0,0,0,0,0,0,0,0,0,0,0,0,0
9/29/2022,0,0,0,5.5,0,0,0,0,0,0,1.6,0,0,1.4,1.1,14.2
9/30/2022,4,6.7,23.8,10.2,8.4,14,12,7.3,39.1,12.3,62.8,14,30.8,37,20.6,25.8
