date,P.92,P.93,P.80,P.65,P.64,P.67,P.1,P.82,P.84,P.81,P.75,P.103,P.20,P.21
6/1/2020,2.04,0.44,0.08,2.07,2,6,6.64,1.65,1.12,0.11,1.4,8.04,0.22,0.1
6/2/2020,2.28,0.44,0.25,1.05,1.3,7.3,6.64,1.44,1.12,0.02,1.1,8.16,0.22,0.13
6/3/2020,2.31,0.38,0.25,1.05,1.3,6,5.92,1.37,1.12,0.02,0.8,7.4,0.2,0.11
6/4/2020,2.31,0.38,0.25,1.1,1.3,5.12,2.8,1.37,1.12,0.02,0.8,4.81,0.2,0.11
6/5/2020,2.28,0.44,2.54,1.1,1.3,8.34,2.6,2,1.12,0.02,12.66,4.54,0.28,0.45
6/6/2020,10.33,0.4,1.15,1.1,2.9,13.58,7.52,1.86,1.12,0.02,1.4,9.48,0.38,0.18
6/7/2020,8.9,0.56,0.35,1.2,2.6,12.22,6.4,3.2,6.6,0.02,1.4,8.04,0.3,0.23
6/8/2020,10.55,0.68,0.35,1.25,1.55,10.68,6.28,2,1.54,0.02,1.3,8.28,0.26,0.2
6/9/2020,10.33,0.68,0.4,1.35,2.15,12.9,7.26,2.14,1.24,0.02,1.2,9.24,0.18,0.2
6/10/2020,10.22,0.38,0.35,1.45,1.45,10.68,7.13,1.86,1.36,0.02,1.2,8.88,0.18,0.19
6/11/2020,9.3,0.48,0.25,1.8,1.45,9.12,6.64,1.72,1.24,0.02,1.1,8.52,0.16,0.22
6/12/2020,9.2,0.44,0.25,1.2,1.8,7.82,7.65,1.65,1.24,0.02,0.8,9.36,0.22,0.2
6/13/2020,9.2,0.38,0.2,1.1,1.75,7.56,8.45,1.51,1.12,0.02,0.8,10.2,0.19,0.14
6/14/2020,9.1,0.34,0.2,1,1.75,6,7.39,1.51,1.12,0.02,0.8,8.88,0.18,0.12
6/15/2020,8.2,0.28,0.2,1.95,1.75,4.68,8.6,2.14,1.12,0.02,0.7,10.2,0.28,0.14
6/16/2020,10.33,0.34,0.2,3.78,1.3,1.2,7.26,2.14,1.12,0.02,1.2,8.76,0.2,0.22
6/17/2020,10.88,0.28,0.15,5.24,1.25,1.68,2.2,2,1.12,0.02,0.9,3.92,0.26,0.17
6/18/2020,10,0.44,0.15,3.64,3.05,1.44,1.8,1.79,1.54,0.02,1.2,3.52,0.26,0.22
6/19/2020,9.7,0.44,0.15,3.5,2.15,1.44,1.73,1.79,1.24,0.02,1.2,3.52,0.26,0.25
6/20/2020,9.7,0.76,1.15,3.5,2,1.08,1.8,3.1,1.36,0.02,1.2,3.6,0.2,0.28
6/21/2020,10,0.44,0.35,2.55,2,1.68,1.8,2,1.54,0.02,12.66,3.52,0.2,0.46
6/22/2020,9.8,0.44,0.25,1.1,1.75,3.8,4.84,1.79,1.42,0.02,2.93,6.8,0.2,0.46
6/23/2020,9.2,0.44,0.25,0.95,3.05,1.92,4.72,2.42,1.24,0.02,2.93,6.7,0.19,0.27
6/24/2020,9,1,0.25,1.15,2.3,1.68,4.2,2.42,1.24,0.02,1.98,5.9,0.2,0.23
6/25/2020,8.8,1.54,0.25,1.15,1.95,1.56,4.5,2.28,1.42,0.02,1.1,6.2,0.2,0.48
6/26/2020,8.4,1.6,0.25,1.3,1.75,3.8,4.4,2,1.3,0.02,1.1,6.1,0.2,0.36
6/27/2020,8.6,0.9,1.15,2.01,1.75,3.38,5.08,2,1.96,0.02,1.3,6.7,0.42,0.48
6/28/2020,12.32,0.85,0.6,1.75,1.75,3.38,7.52,17.45,1.72,0.02,2.36,7.7,0.8,0.39
6/29/2020,9.3,0.76,0.5,1.9,1.75,9.64,8.17,3.3,7.5,0.24,4.5,8.4,0.36,0.31
6/30/2020,9,0.76,0.4,1.85,1.7,3.52,6.16,2.56,1.36,0.24,2.93,6.4,0.32,0.33
7/1/2020,9.1,0.68,0.35,1.65,1.8,2.82,5.92,2.21,1.54,0.24,1.6,6.2,0.26,0.3
7/2/2020,9,0.68,0.35,1.45,1.8,1.68,5.08,2,1.24,0.24,2.17,5.35,0.24,0.27
7/3/2020,8.7,0.68,0.35,1.55,1.8,1.2,3.9,1.93,1.24,0.24,1.4,4.45,0.24,0.45
7/4/2020,8.5,0.72,0.6,1.65,1.8,0.96,3.1,2.21,1.24,0.24,5.25,3.84,0.4,0.4
7/5/2020,10.22,0.68,0.5,1.75,2,2.4,2.28,2.49,1.24,0.24,5.25,3.06,0.56,0.36
7/6/2020,10.22,0.72,0.5,1.8,2.45,2.96,2.2,2.21,1.24,0.24,5.75,3.13,0.24,0.48
7/7/2020,8.5,0.85,0.5,1.25,2.15,3.1,2.36,1.93,1.24,0.24,5,3.28,0.24,0.36
7/8/2020,11.1,1,16.1,1.65,9.5,3.38,2.6,2.21,1.24,0.11,1.98,3.6,0.3,0.32
7/9/2020,11.1,1.36,2.66,1.62,4.25,3.8,9.5,2.21,1.54,0.24,3.75,9.84,0.68,0.56
7/10/2020,10.22,1,2.3,1.614,2.15,7.56,8.45,2,1.54,0.24,4.75,8.76,0.44,0.44
7/11/2020,9.7,0.76,1.94,1.58,2,3.38,7.39,2,1.54,2.7,4.5,7.5,0.34,0.49
7/12/2020,9.2,0.76,1.94,1.54,2,2.28,8.17,1.86,1.24,2.2,2.74,8.04,0.3,0.45
7/13/2020,10.33,0.76,4.5,4.3,2,2.16,8.45,2,1.24,4.7,4,8.4,0.4,0.4
7/14/2020,12.56,2.44,1.48,4.23,3.95,7.56,7.52,2.63,1.24,3.2,4,8.04,0.52,0.58
7/15/2020,13.4,4.29,2.3,3.43,4.4,20.28,7.52,3,1.24,1.7,4.8,8.76,0.72,1.5
7/16/2020,12.2,2.44,1.15,2.73,2.3,11.2,6.4,2.8,1.24,3.7,5.2,7.4,0.44,2.22
7/17/2020,13.88,2.32,1.15,2.73,4.4,5.2,6.04,2.8,1.24,3.7,4.2,6.7,0.4,1.62
7/18/2020,17.85,21.66,18.5,5.16,5,12.04,4.96,2.8,1.24,5.7,5.4,5.9,0.54,4
7/19/2020,9.8,5.22,2.54,2.43,2.15,21.44,12.65,2.49,1.18,7.8,6.9,17.44,0.6,8.16
7/20/2020,10,3.73,1.48,2.19,2,13.8,6.76,2.7,1.24,9.3,5,9.72,0.48,3.92
7/21/2020,9,4.43,7.8,1.95,1.95,8.8,5.2,3.2,1.24,7.2,4.2,7.4,0.4,6.7
7/22/2020,8,2.56,2.3,1.95,1.85,7,6.64,3.2,1.84,7.8,3.8,9.36,0.38,3.2
7/23/2020,9,4.43,1.48,1.95,1.8,6.46,5.56,3.1,2.32,7.8,3.8,7.7,0.38,0.7
7/24/2020,8.4,2.44,1.26,2.01,2.6,4.72,4,2.35,1.84,7.2,3.4,6.4,0.36,0.59
7/25/2020,8.2,1.84,1.15,2.01,15.4,3.92,6.28,2.21,1.54,5.7,3.4,7.6,0.32,0.35
7/26/2020,8.2,1.25,0.93,2.01,2.3,2.48,6.4,2.63,1.54,4.7,3.25,7.7,0.32,0.35
7/27/2020,8.3,0.76,1.15,2.01,2,2,5.32,2.14,1.54,2.7,6.9,6.8,0.3,0.27
7/28/2020,11.1,7.9,35.15,2.01,1.95,6.82,5.68,2.8,1.54,3.2,5.7,7.7,0.3,0.99
7/29/2020,10,7,2.66,3.15,5,11.68,8.9,6.35,9.28,13.8,4.2,13.94,0.3,2.1
7/30/2020,10.33,7.9,1.7,2.85,2.3,7,6.16,3.96,1.54,16.19,4.2,9.96,0.36,1.96
7/31/2020,9,2.44,2.3,2.85,2,5.38,4.5,2.9,1.54,13.8,3.8,7.3,0.36,0.61
8/1/2020,9.3,3.65,2.3,2.85,1.95,4.4,5.2,2.63,1.54,9.3,4.8,7,3.7,1.44
8/2/2020,8.5,1.25,1.26,2.85,1.9,3.28,3.1,2.63,1.54,7.8,4,5.26,4.1,1
8/3/2020,14.12,3.04,8.2,4.92,2,16,6.28,3.2,1.78,61.83,4.2,16,7.9,6
8/4/2020,23.2,20.26,9.3,9.3,7.1,171.8,15.2,5.45,4.72,92.04,68.7,129.3,51.3,20.6
8/5/2020,44,10.09,3.22,8,18.2,172.9,194.5,7.69,10.84,85.98,88.13,187,25.8,10.32
8/6/2020,38.4,23.06,2.3,6.84,10.4,150.15,139.3,5.6,5.6,66.24,64.5,153.8,21,14.85
8/7/2020,20.2,8.99,2.06,5.4,5.9,79.65,94,3.96,1.66,46.32,40.15,113.9,15.5,9.12
8/8/2020,35.8,8.99,1.7,7.8,10.4,66.05,63.4,5.45,1.54,35.36,31.25,77.6,13.6,7.8
8/9/2020,38.4,8.99,2.06,5.85,5.3,65.2,70.6,6.5,5.12,33.55,28.7,86.6,17,6.8
8/10/2020,13,8.99,1.7,4.5,4.4,54,61.6,4.61,2.32,24,32.95,78.8,14,6.6
8/11/2020,8.05,4.43,1.48,3.5,4.55,34,46.3,3.7,1.54,17.04,18.65,58.7,11.6,3.76
8/12/2020,7.6,3.73,1.48,3.5,5.6,25.25,30,3.4,1.54,12.3,30.83,28,10.4,4.99
8/13/2020,4.9,6.02,1.7,3.22,5.9,21.15,41.1,3.4,1.54,12.3,16.16,41.6,8.8,5.26
8/14/2020,4,6.91,2.3,4.68,5,16.1,32,3.83,1.66,24.4,10.5,29.2,8.8,5.8
8/15/2020,17.2,12.98,2.66,3.85,4.7,50.25,51.5,4.09,3.92,30.85,24.2,63,16.5,12.98
8/16/2020,12.55,10.66,2.66,3.85,6.5,45.75,58,3.96,1.84,30.18,21,74,12,11.53
8/17/2020,6.7,8.06,2.66,3.29,6.2,25.25,45,3.3,1.54,22.4,14.03,49.6,10.4,5.26
8/18/2020,5.8,8.92,1.7,3.22,5,16.48,32,3.4,0.96,18.76,11.9,28.6,8.8,4.09
8/19/2020,5.8,9.5,2.66,3.15,4.4,16.86,27,3.3,0.92,16.53,11.2,24,8.5,2.88
8/20/2020,4.45,10.02,1.7,2.97,4.25,16.1,27,3.3,0.92,13.8,9.1,22,7.3,2.64
8/21/2020,5.8,9.43,51.3,5.6,4.1,16.1,27,3.2,1.54,12.3,8.75,19,9.7,2.28
8/22/2020,47.5,9.19,14.9,6.5,5,40.5,35.9,3.5,1.48,13.65,13.68,36.6,16.5,4.09
8/23/2020,101.1,8.41,5.35,8.6,4.1,121.3,88.6,8.92,7.6,38.81,27.85,109.7,27,6.8
8/24/2020,48.2,7.51,3.7,10.5,10.25,142.8,162.7,7.35,10.48,36.97,47.23,171.3,17,21.6
8/25/2020,37.7,7.51,2.9,6.3,16.2,94,110,5.6,5.6,26.44,27,125.1,15,10.8
8/26/2020,20.2,4.41,2.66,5.08,10.1,57.1,72.4,4.61,3.92,20.56,18.65,86.6,10.4,5.53
8/27/2020,14.2,4.41,4.5,5.67,8,36.6,47.6,3.83,3.12,15.34,12.61,62,8.8,3.6
8/28/2020,12.55,4.45,2.66,4.54,6.2,32.8,41.1,3.3,1.12,13.05,13.68,42.5,8.8,2.8
8/29/2020,8.95,4.45,2.66,3.43,4.85,25.8,34.6,2.9,1.12,9.3,11.2,32.4,7.3,1.92
8/30/2020,10.75,4.3,2.66,3.3,7.4,37.9,38.5,3.96,2.32,13.8,10.85,38,8.2,2.56
8/31/2020,7.15,3.2,2.66,3.09,6.2,20.7,31,3.6,1.18,13.05,9.1,24.5,7,1.92
9/1/2020,8.05,2,2.3,3.71,5.6,16.48,33.3,3.2,1.24,8.55,7.8,32.4,6.25,13.82
9/2/2020,8.95,2.5,2.3,3.15,4.85,24.15,32,3.4,1.24,10.65,16.16,32.4,6.75,5.17
9/3/2020,8.65,2.6,2.3,3.15,4.85,24.15,32,3.4,1.24,10.65,16.16,31.8,7.1,5.9
9/4/2020,8.7,2.4,2.3,3.15,4.85,24.15,33,3.4,1.24,10.65,12,30.3,6.8,6.7
9/5/2020,8.5,2.33,2.3,2.37,4.85,24.15,34,3.4,1.24,10.65,13,31.7,6.7,7.9
9/6/2020,8.5,2.5,2.3,2.37,4.85,17.27,35,3.4,1.24,10.65,10,31.6,6.8,6.4
9/7/2020,8.4,2.5,2.3,2.37,4.85,14.3,33,3.4,1.24,10.65,8,31.3,6.8,6.7
9/8/2020,8.5,2.44,2.06,2.55,3.8,12.3,35,3.4,1.24,10.65,7,31.2,6.8,6.9
9/9/2020,8.35,4.82,2.3,2.55,6.8,10.39,37.2,5.75,7.1,11.85,6.9,18,5.25,3.36
9/10/2020,16.8,3.73,2.3,3.15,9.8,15.72,38.5,4.09,1.78,16.02,8.1,29.8,6.5,4.63
9/11/2020,11.6,4.08,2.06,3.5,4.7,15.72,28,3.6,1.54,13.2,5.7,21.5,5.75,3.68
9/12/2020,9.55,8.44,2.06,3.64,10.1,10.12,19,4.22,3.76,9.3,4.8,13.2,5.25,2.56
9/13/2020,16.8,7.9,2.06,2.25,13.4,9.04,16,5.3,1.72,6.7,8.4,10.2,8.2,3.92
9/14/2020,9.85,4.43,2.06,5.94,10.7,15.72,27,3.6,1.24,6.1,11.55,21,6.5,2.4
9/15/2020,9.55,4.43,1.48,3.5,7.7,9.85,19,3.3,1.54,6,7.8,12.9,6.75,2.4
9/16/2020,14.8,6.02,1.48,3.64,11.4,9.85,23,3.83,0.96,6.7,7.2,14.4,5.25,6.2
9/17/2020,9.1,6.02,1.48,2.55,7.4,7.18,19,4.22,0.96,6.9,6.9,11.4,4.5,3.52
9/18/2020,8.65,5.22,1.48,3.57,7.4,7.62,15,3.7,1.12,7.1,6.3,9.9,7.9,2.1
9/19/2020,13.6,3.73,1.48,2.79,47,19.8,27,3.4,0.96,6.7,7.8,18.5,5.5,1.8
9/20/2020,15.2,12.39,1.48,2.79,47,14.96,33.3,52.55,25.34,7.2,11.2,27.4,5,5.8
9/21/2020,55.55,18.86,2.3,18,22.2,64.35,76,14.95,26.83,8.0,11.2,92.6,13.6,21
9/22/2020,33.7,7.9,2.3,5.94,10.1,54,72.4,18.7,15.4,11.2,15.81,86.6,9.4,8.28
9/23/2020,25,8.11,1.7,4.45,12.2,28.6,46.3,22.4,10.9,12.2,12.26,54.8,8.5,4.81
9/24/2020,25.5,17.74,1.7,4.45,10.1,31,58,27.1,11.9,12.8,12.61,64.5,8.5,14.55
9/25/2020,17.6,14.78,1.7,3.93,25,54.75,92.2,13.1,10.2,12.5,11.2,108.3,7.3,16.24
9/26/2020,24.5,6.91,1.48,3.85,14.2,34.65,63.4,12.8,8.0,11.6,10.5,75.2,12.4,12.05
9/27/2020,16,6.02,1.37,3.43,8.3,39.2,55.4,12.1,6.6,10.6,14.39,69.2,8.5,6.3
9/28/2020,9.55,6.02,1.26,3.57,6.8,17.24,38.5,10.7,5.9,9.5,9.45,34.5,7,3.92
9/29/2020,12.8,4.43,1.26,3,5.9,14.2,30,8.6,5.0,8.4,10.15,24.5,7,4
9/30/2020,10.4,4.08,1.26,2.79,5.6,11.5,27,7.6,4.2,7.7,8.4,20.5,5.75,3.6
10/1/2020,9,3.04,2.3,2.61,13.8,11.5,33.3,6.8,3.6,6.9,8.4,20.5,5.75,5.75
10/2/2020,8.8,3.04,2.3,2.61,12.6,11.5,32,5,4.32,11.55,10.85,23.5,6.25,3.36
10/3/2020,15.2,2.14,2.3,2.61,12.6,11.2,27,4.61,5.12,14.85,10.15,28.6,6,3.52
10/4/2020,10.8,3.73,2.18,3.15,11.8,10.12,19,4.61,3.52,16.7,10.15,21.5,6.5,3.04
10/5/2020,10.4,3.04,1.7,2.79,10.4,11.2,24,4.87,3.52,17.89,10.5,21,6,2.88
10/6/2020,27,9.54,1.94,4.92,8.3,12.1,18,8.03,8.1,15.34,9.1,31.7,7.3,6.1
10/7/2020,39.4,4.43,1.7,3.15,12.2,23.6,17,5.45,3.92,13.05,17.58,44.3,8.5,5.17
10/8/2020,15.2,3.73,1.48,2.79,7.7,21.15,15,4.48,3.52,11.1,11.2,41.6,5.75,3.6
10/9/2020,10.8,3.38,1.26,2.61,8,13,37.2,4.09,2.74,8.7,7.8,21,4.5,2.8
10/10/2020,9.4,3.04,1.26,2.55,6.2,9.58,38.5,3.96,2.74,8.55,6.9,15.5,4.5,2.04
10/11/2020,8.95,2.74,1.26,2.67,5.3,7.84,28,3.7,2.74,7.2,5.4,12.6,4.3,1.92
10/12/2020,8.5,3.04,1.15,2.61,4.7,5.94,19,3.7,2.14,5.7,5,10.8,3.9,1.8
10/13/2020,8.05,3.04,1.15,2.61,4.25,3.15,16,3.4,2.02,6.2,5,10.8,3.7,1.8
10/14/2020,7.75,2.74,1.15,2.61,4.25,4.05,12,3.4,1.12,4.7,5.2,9.6,3.7,1.8
10/15/2020,7.6,2.44,1.15,2.55,4.1,3.15,10.5,3.3,1.24,5.7,5,8,3.5,1.26
10/16/2020,7.3,2.44,1.15,2.55,5.6,3.15,12,3.5,1.24,5.2,5,9,3.5,1.2
10/17/2020,7.3,2.44,1.48,2.55,6.8,3.6,14,8.74,11.44,8.55,5.2,12,3.5,3.92
10/18/2020,7.6,2.44,1.37,2.55,4.85,4.2,12.5,4.87,2.74,8.55,5.2,10.5,3.5,1.8
10/19/2020,6.85,2.44,1.48,2.55,4.85,3.15,13.25,4.22,1.54,7.8,4.6,10.5,3.5,1.62
10/20/2020,8.5,3.73,1.26,2.55,9.5,3,15.05,9.64,9.28,9.3,5.2,13.5,3.9,2.64
10/21/2020,8.35,3.73,1.26,2.55,9.2,6.3,13.5,9.64,10.48,9.3,5.2,13.5,4.1,3.52
10/22/2020,8.35,3.73,1.26,2.55,8.9,6.52,15.75,8.56,7.6,10.05,6,15,4.1,3.52
10/23/2020,8.2,3.38,1.26,2.55,6.8,6.3,12.75,7.18,8.1,9.9,6.3,11.7,4.1,2.4
10/24/2020,7.45,3.04,1.26,2.55,6.5,5.4,13,6.84,4.88,9.3,5.7,11.4,4.1,2.1
10/25/2020,7,2.74,1.15,2.55,5.6,3.9,12.75,5.75,3.28,8.55,6.6,10.2,3.9,1.98
10/26/2020,6.7,2.44,1.15,2.55,5,2.6,12.5,5.15,3.12,7.5,5,9,3.9,1.68
10/27/2020,7.15,2.44,1.15,2.55,4.7,2.3,12.5,5,3.12,6.5,4.8,8.8,3.3,1.5
10/28/2020,7.6,3.73,1.15,2.55,8.3,5.58,13,6.5,6.1,7.5,5.4,10.2,3.7,2.64
10/29/2020,7.6,2.74,1.15,2.55,6.2,6.12,14,5.6,3.52,7.1,5.2,12.3,3.5,1.8
10/30/2020,7,2.74,1.15,2.55,6.5,8.28,14,6.35,3.92,6.7,5.2,12,3.5,1.98
10/31/2020,15.6,7.9,1.7,2.55,16.2,10.39,14.7,19.4,24.29,7.8,5.4,20.5,4.1,9
11/1/2020,10,3.73,1.48,2.55,15.4,11.5,14,10,9.28,7.2,5.7,19,4.5,4.63
11/2/2020,7.6,3.73,1.48,2.55,8.9,8.77,13.5,8.03,7.1,7.8,6.3,13.5,3.9,3.2
11/3/2020,7.6,3.59,1.15,2.55,8.9,8.77,13,7.18,5.6,6.4,5.4,12.3,3.7,2.56
11/4/2020,7.6,3.05,1.15,2.55,6.8,8.77,12.75,6.67,4.72,10.2,5,12.6,3.3,2.64
11/5/2020,8.35,4.9,4.84,2.55,59.5,17.24,24.15,7.86,7.6,12.6,5.2,34.5,4.3,5.35
11/6/2020,10.4,4.1,1.7,2.55,17.8,18,17.5,6.35,5.6,10.35,6.6,29.2,4.5,3.36
11/7/2020,8.65,2.7,1.7,2.55,10.4,13.3,14,5.9,4.72,7.8,6.6,16.5,4.1,2.64
11/8/2020,7.75,2.7,1.59,2.55,8.3,10.12,12.75,7.52,4.72,6.7,5,12.6,3.5,3.04
11/9/2020,7.3,2.7,1.59,2.55,6.8,7.62,13.25,5.9,3.92,4.7,4.6,12.3,3.3,2.1
11/10/2020,7.3,3.05,1.48,2.55,5.6,6.3,13.5,5.45,3.52,4.7,4.6,12,3.3,1.98
11/11/2020,6.85,2.4,1.48,2.55,5.3,5.94,13.5,5,3.92,3.7,5,11.4,3.3,1.74
11/12/2020,6.55,2.4,1.15,2.55,5,5.58,12.25,4.74,2.74,3.3,3.8,9.3,2.7,1.62
11/13/2020,6.4,2.1,1.15,2.55,4.7,5.58,13.5,4.74,2.74,2.7,3.8,11.4,2.9,1.98
11/14/2020,6.25,2.1,0.93,2.55,4.55,5.76,14.35,4.48,2.74,2.7,3.8,12,2.7,1.98
11/15/2020,5.95,2.1,0.93,2.55,4.25,5.04,14.35,4.35,2.74,2.2,3.4,10.8,2.7,1.8
11/16/2020,6.1,2.1,0.93,2.55,4.1,4.5,14.35,4.35,2.74,2.2,3.4,11.4,2.5,1.5
11/17/2020,5.95,1.8,1.15,2.55,3.8,4.5,14.35,4.22,2.96,2,3.4,9.6,2.37,1.32
11/18/2020,5.95,1.8,1.15,2.55,3.8,4.35,14.35,4.22,2.32,2.2,3.6,10.2,2.37,1.32
11/19/2020,5.8,1.8,0.82,2.55,3.65,4.5,14.35,4.09,2.32,2.2,3.4,9.9,2.37,1.32
11/20/2020,5.5,1.8,1.04,2.55,3.65,4.5,14.35,3.7,2.32,2.2,3.4,12,2.24,1.32
11/21/2020,5.35,1.5,0.6,2.55,3.35,4.5,14.1,3.7,1.84,2,3.4,12.6,2.24,1.26
11/22/2020,5.2,1.5,0.6,2.55,3.2,4.05,14.0,3.7,1.48,1.7,3.1,10.2,2.24,1.15
11/23/2020,5.2,1.5,0.6,2.55,3.05,3.75,13.7,3.7,1.48,1.6,3.1,10.8,2.24,1.2
11/24/2020,5.2,1.5,0.6,2.55,3.05,3.45,13.6,3.4,1.4,1.5,3.1,10.5,2.11,1.15
11/25/2020,5.05,1.5,0.6,2.55,3.05,3.45,13.4,3.3,1.3,1.3,3.1,10.8,2.11,1.2
11/26/2020,4.75,1.5,1.04,2.55,2.75,2.3,13.3,3.2,1.2,1.2,3.1,11.1,2.11,1.1
11/27/2020,4.9,1.5,1.04,2.55,2.75,1.75,11.0,3.2,1.2,1.1,3.1,8.8,2.11,0.8
11/28/2020,4.75,1.28,0.93,2.55,2.75,1.85,11.0,3.1,1.2,1.0,2.95,12.3,1.98,0.7
11/29/2020,4.3,1.05,0.82,2.55,2.75,1.55,11.0,3.0,1.1,0.9,2.8,9,2.11,0.7
11/30/2020,4.45,0.83,0.5,2.55,2.6,1.35,11.0,3.0,1.1,0.8,2.8,10.5,2.11,0.64
12/1/2020,4.45,0.83,0.5,2.55,2.6,1.85,11.25,3.3,1.12,0.85,2.8,7.4,2.11,0.64
12/2/2020,4.3,0.83,0.5,2.55,2.6,1.85,13,3.3,1.06,0.85,3.1,8.8,1.98,0.61
12/3/2020,4.3,0.83,0.5,2.55,2.6,1.8,13.25,3.3,1.06,0.85,3.1,9.3,1.98,0.58
12/4/2020,4.3,0.83,0.5,2.55,2.6,1.85,16.45,3.3,1.06,1.35,3.1,12.3,1.98,0.55
12/5/2020,4.3,0.83,0.5,2.55,2.45,1.95,12.5,3.2,1.06,1.25,2.95,8.2,1.98,0.61
12/6/2020,4.15,0.6,0.5,2.55,2.45,1.75,14.7,3.2,1.06,1.25,3.1,10.8,1.98,0.61
12/7/2020,4.15,0.6,0.5,2.55,2.3,1.3,12.5,3.2,1.06,1.1,2.95,8.2,1.98,0.7
12/8/2020,4.15,0.6,0.5,2.55,2.3,1.65,13.25,3,1,1,3.1,9,1.98,0.67
12/9/2020,4.15,0.6,0.5,2.55,2.3,1.4,13.5,3.1,1,1.1,3.1,9.6,1.46,0.64
12/10/2020,4,0.6,0.5,2.55,2.45,1.35,12.75,2.9,1,1,3.1,9,1.46,0.64
12/11/2020,3.9,0.6,0.45,2.37,2.6,1.3,12.5,2.9,1,0.95,3.1,8.6,1.33,0.61
12/12/2020,3.9,0.6,0.45,2.37,2.45,1.2,12.75,2.9,1,0.6,2.95,8.6,1.33,0.52
12/13/2020,3.8,0.6,0.4,2.37,2.45,1.05,12.75,2.8,1.12,0.6,2.8,8.4,1.23,0.55
12/14/2020,3.8,0.6,0.4,2.37,2.45,1,9.75,2.8,1.12,0.55,1.7,6.2,1.14,0.52
12/15/2020,3.8,0.6,0.4,2.37,2.45,0.95,11.25,2.8,1.06,0.6,2.8,7.2,1.14,0.43
12/16/2020,3.8,0.6,0.4,2.37,2.45,1.3,11.75,2.8,1.06,0.6,3.1,7.8,1.08,0.52
12/17/2020,3.8,0.5,0.4,2.37,2.45,1.2,12.5,2.8,1.12,0.6,2.95,8.2,1.08,0.49
12/18/2020,3.6,0.5,0.35,2.25,2.45,1.25,12.5,2.9,1.12,0.6,2.95,8,1.08,0.49
12/19/2020,3.5,0.5,0.35,2.19,2.45,1.15,12.75,2.8,1.12,0.5,2.95,8.2,1.08,0.55
12/20/2020,3.6,0.5,0.35,2.13,2.3,1.1,13.25,2.8,1.12,0.6,2.8,8.8,1.08,0.43
12/21/2020,3.7,0.4,0.35,2.37,2.3,1.1,12.75,2.8,0.96,0.6,2.8,8.6,1.08,0.49
12/22/2020,3.6,0.4,0.35,2.07,2.3,1.15,11.5,2.8,0.96,0.6,3.1,7.8,1.08,0.49
12/23/2020,3.7,0.4,0.35,2.07,2.3,1.15,11.5,2.8,0.96,0.6,3.25,7.8,1.08,0.43
12/24/2020,3.7,0.4,0.35,2.07,2.3,1.65,11.5,2.8,0.96,0.6,3.1,7.8,1.08,0.36
12/25/2020,3.4,0.3,0.35,2.37,2.3,1.65,11,2.7,0.96,0.6,3.1,7.4,1.08,0.36
12/26/2020,3.5,0.3,0.35,2.07,2.45,1.5,6.2,2.7,0.96,0.35,3.1,3.1,1.02,0.38
12/27/2020,3.5,0.4,0.3,2.07,2.45,1.6,6.4,2.7,0.96,0.35,2.8,3.4,0.96,0.36
12/28/2020,3.5,0.4,0.3,2.07,2.45,1.5,7.8,2.8,0.96,0.3,2.8,4.25,0.96,0.36
12/29/2020,3.5,0.3,0.3,2.37,2.45,1.6,8.2,2.7,0.96,0.45,2.95,4.85,0.9,0.32
12/30/2020,3.4,0.3,0.3,2.37,2.45,1.65,8.4,2.63,0.96,0.6,2.95,5,0.9,0.36
12/31/2020,3.6,0.3,0.3,2.07,2.3,1.65,4.55,2.49,0.96,0.6,2.5,2.4,0.9,0.3
1/1/2021,3.6,0.3,0.35,2.37,2.3,1.65,6,2.63,0.96,0.55,2.8,3.3,0.9,0.61
1/2/2021,3.6,0.3,0.35,2.07,2.3,1.65,7.4,2.63,0.96,0.55,2.5,4.1,0.9,0.3
1/3/2021,4.6,0.3,0.3,2.07,2.15,1.65,8.4,2.49,0.96,0.35,2.5,5,0.9,0.3
1/4/2021,3.4,0.3,0.3,2.07,2.15,1.6,9.25,2.49,0.96,0.35,1.9,5.8,0.9,0.28
1/5/2021,4.6,0.3,0.3,2.07,2.15,1.7,8.8,2.49,0.96,0.35,2.5,5.2,0.84,0.36
1/6/2021,3.4,0.3,0.3,2.07,2.15,1.75,6,2.49,0.96,0.35,2.65,3.2,0.9,0.36
1/7/2021,3.4,0.52,0.25,2.07,2.15,1.8,6.6,2.42,0.96,0.35,2.65,3.3,0.84,0.36
1/8/2021,3.4,0.52,0.25,2.07,2.15,1.5,5.2,2.42,0.96,0.35,11.9,2.8,0.84,0.36
1/9/2021,3.5,0.3,0.25,2.07,2.15,3.45,12.75,2.56,0.96,0.35,2.95,9,0.84,0.34
1/10/2021,3.5,0.5,0.25,2.07,2.15,0.85,8.6,2.56,0.96,0.3,2.65,4.85,0.9,0.38
1/11/2021,3.5,0.5,0.3,2.07,2.15,1.6,8.8,2.63,0.96,0.35,2.5,5.2,0.84,0.36
1/12/2021,3.5,0.5,0.3,2.07,2.15,1.45,9,2.42,0.96,0.35,2.35,5.2,0.84,0.34
1/13/2021,3.5,0.5,0.3,2.07,2,1.45,8.6,2.56,0.96,0.6,2.35,5,0.9,0.36
1/14/2021,3.4,0.5,0.3,2.07,2,1.5,8,2.56,0.96,0.6,2.35,4.85,0.9,0.36
1/15/2021,3.4,0.5,0.3,2.07,2,1.3,8,2.56,0.96,0.85,11.9,4.55,0.9,0.38
1/16/2021,3.4,0.4,0.3,2.07,2,5.58,11.25,2.56,0.96,0.85,12.61,7.8,0.9,0.34
1/17/2021,3.3,0.4,0.3,2.07,2,1.95,13,2.49,0.96,0.85,3.1,8.8,0.9,0.36
1/18/2021,3.3,0.4,0.3,2.07,2,1.25,16.1,2.42,0.96,0.6,2.5,12,0.9,0.36
1/19/2021,3.3,0.4,0.3,2.07,2,2.7,14.7,2.49,0.96,0.85,2.5,10.8,0.9,0.38
1/20/2021,3.3,0.4,0.3,2.07,2,2.4,12.75,2.42,0.96,0.85,5.64,8.8,0.9,0.36
1/21/2021,3.3,0.4,0.3,2.07,2,2.5,5,2.42,0.96,0.85,5.8,2.8,0.9,0.3
1/22/2021,3.3,0.34,0.3,2.25,2,2.5,5.4,2.42,0.96,0.85,14.96,3,0.9,0.3
1/23/2021,3.3,0.4,0.3,2.25,2,10.52,12,2.42,0.96,0.85,3.52,8.6,0.84,0.55
1/24/2021,3.2,0.4,0.3,2.25,1.9,2.8,10.5,2.35,0.96,0.85,2.88,7,0.84,0.55
1/25/2021,3.2,0.4,0.3,2.25,1.9,2.8,10.25,2.35,0.96,0.85,2.88,6.2,0.84,0.52
1/26/2021,3.2,0.4,0.3,2.25,1.9,2.5,9.25,2.21,0.96,0.6,2.72,5.8,0.84,0.52
1/27/2021,3.2,0.4,0.3,2.25,1.9,2.2,6.4,2.21,0.96,0.6,2.72,3.4,0.84,0.46
1/28/2021,3.2,0.4,0.25,2.25,1.9,2.6,4.85,2.21,0.96,0.6,2.72,2.5,0.84,0.52
1/29/2021,3.1,0.4,0.25,2.25,1.85,2,3.8,2.28,0.96,0.85,8.4,1.6,0.84,0.4
1/30/2021,3,0.4,0.25,2.25,1.85,5.84,4.85,2.28,0.96,0.6,6.48,2.9,0.9,0.52
1/31/2021,5.35,0.42,0.35,2.25,1.85,3.9,11.25,2.9,1.06,0.85,3.68,7.2,0.9,0.61
2/1/2021,3.8,0.42,0.35,2.25,1.85,3,13.25,2.63,1.06,2.7,3.04,9,0.9,1.15
2/2/2021,3.4,0.42,0.35,2.25,1.85,3,12.5,2.49,1.06,1.7,3.2,8,0.9,0.75
2/3/2021,3.4,0.4,0.35,2.25,1.85,3,11.75,2.42,1.12,1.7,3.2,7.8,0.9,0.64
2/4/2021,2.9,0.4,0.35,2.25,1.85,2.8,8.2,2.28,1.12,1.7,2.88,4.85,0.9,0.55
2/5/2021,2.8,0.4,0.35,2.25,1.85,2.5,7,2.28,1.06,1.35,20.76,3.65,0.9,0.52
2/6/2021,2.5,0.4,0.35,2.25,1.85,6.3,18.9,2.28,1.06,0.85,3.36,16.5,0.9,0.52
2/7/2021,2.7,0.5,0.25,2.25,1.75,2.8,12,2.21,1,0.85,2.72,8,0.9,0.49
2/8/2021,2.9,0.5,0.25,2.25,1.75,2.7,12.25,2.28,1,0.85,2.88,8.2,0.9,0.46
2/9/2021,7.3,5.7,0.25,2.25,1.9,3.5,10,3,1.24,1.45,6.72,6.2,6.5,0.9
2/10/2021,4.6,1.5,0.3,1.8,1.85,9.56,18.9,2.42,1.24,1.1,6.48,15.5,2.37,2.22
2/11/2021,2.5,0.6,0.3,1.8,1.85,3.7,19.25,2.35,1.18,1.1,4.6,15.5,1.72,0.95
2/12/2021,2,0.56,0.3,1.8,1.95,2.9,15.05,2.28,1.18,1.1,4.2,11.4,1.46,0.7
2/13/2021,2,0.56,0.3,1.8,1.95,2.8,17.5,2.21,1.18,0.85,3.84,13.5,1.24,0.64
2/14/2021,3.4,0.56,0.3,1.8,1.65,2.7,17.5,2.14,1.18,1.7,2.88,12.9,1.08,0.67
2/15/2021,2.9,0.56,0.3,1.8,1.6,2.5,16.8,2.07,1.18,1.7,2.72,12.3,1.08,0.55
2/16/2021,2.9,0.56,0.3,1.8,1.6,2.2,14.7,2.07,1,1.7,2.72,10.5,0.9,0.52
2/17/2021,2.8,0.5,0.3,1.8,1.6,2,5.4,2.07,0.96,1.5,3.04,2.6,0.84,0.49
2/18/2021,2.9,0.5,0.3,1.8,1.6,2.4,3.5,2,0.96,1,3.2,1.5,0.84,0.49
2/19/2021,2.8,0.5,0.3,1.8,1.6,2.1,2.9,2.07,0.96,0.85,22.2,1.35,0.84,0.49
2/20/2021,2.8,0.4,0.3,1.8,1.6,10.2,8.2,2,0.96,0.85,3.04,6.8,0.84,0.49
2/21/2021,2.8,0.4,0.3,1.8,1.6,5.61,11,2,0.96,0.75,3.2,7.2,1.2,0.38
2/22/2021,2.8,0.4,0.3,1.8,1.6,2.8,15.05,2,0.96,0.75,2.88,10.8,1.5,0.36
2/23/2021,2.9,0.4,0.3,1.8,1.5,2.2,13.25,1.93,0.96,0.85,2.88,9,1.62,0.38
2/24/2021,2.8,0.36,0.3,1.8,1.5,2.4,10.25,2,1.06,0.85,3.36,6.4,1.62,0.38
2/25/2021,2.9,0.36,0.3,1.8,1.5,1.9,8,1.93,0.96,0.85,3.52,4.4,2.2,0.32
2/26/2021,2.7,0.34,0.3,1.8,1.5,2,3.95,1.93,0.96,0.6,19.38,1.9,2.2,0.2
2/27/2021,2.7,0.34,0.3,1.95,1.45,8.14,10.5,1.93,0.92,0.6,7.92,8,2.8,0.2
2/28/2021,2.7,0.34,0.3,1.95,1.45,3.5,14.35,1.93,0.92,0.55,3.04,10.5,2.8,0.28
3/1/2021,2.6,0.34,0.3,1.95,1.45,2.6,14.35,1.93,0.92,0.55,3.04,10.2,3.18,0.28
3/2/2021,2.5,0.34,0.3,1.95,1.45,1.9,11.5,1.93,0.92,0.85,3.36,7.4,3.18,0.28
3/3/2021,2.5,0.34,0.3,1.95,1.45,1.9,5.4,1.86,0.92,0.85,3.52,2.8,3.18,0.28
3/4/2021,2.5,0.32,0.3,1.95,1.45,1.9,3.5,1.86,0.92,0.85,3.2,1.6,3.18,0.28
3/5/2021,2.3,0.32,0.3,1.95,1.35,25.08,2.45,1.86,0.92,0.85,3.2,3.4,3.18,0.2
3/6/2021,2.3,0.32,0.25,1.95,1.35,13.72,22.4,1.79,0.92,0.8,12.12,20.5,3.18,0.17
3/7/2021,2.2,0.4,0.25,1.95,1.35,3.2,19.95,1.72,0.92,0.85,2.88,16,3.18,0.17
3/8/2021,2.2,0.36,0.25,1.95,1.3,2.4,16.45,1.79,0.92,0.85,3.04,12.6,3.18,0.16
3/9/2021,2.2,0.36,0.25,1.95,1.3,2.2,12.75,1.51,0.92,0.75,3.04,8.6,3.18,0.13
3/10/2021,2.2,0.36,0.25,1.95,1.25,2.4,6.8,1.51,0.92,0.7,3.52,3.65,3.18,0.14
3/11/2021,2.2,0.34,0.25,1.95,1.25,2.6,4.1,1.51,0.92,0.5,3.52,2,3.18,0.14
3/12/2021,2.2,0.34,0.25,1.95,1.2,25.08,7.1,1.51,0.92,0.5,28.94,3.3,3.18,0.19
3/13/2021,2.2,0.34,0.25,1.95,1.2,14.04,4.7,1.58,0.92,0.4,12.12,13.8,3.18,0.17
3/14/2021,2.2,0.34,0.1,1.95,1.2,3.1,3.7,1.51,0.92,0.4,3.52,14.1,3.18,0.16
3/15/2021,2.2,0.36,0.1,1.95,1.2,2.7,3.6,1.51,0.92,0.4,2.88,12.6,3.18,0.16
3/16/2021,2.2,0.36,0.1,1.95,1.2,1.2,2.8,1.51,0.92,0.4,3.2,8.4,3.18,0.15
3/17/2021,2.2,0.36,0.1,1.95,1.2,1.7,3.5,1.51,0.92,0.4,3.52,3.95,3.18,0.16
3/18/2021,2.2,0.36,0.1,1.95,1.2,2.1,4.9,1.51,0.92,0.4,3.52,1.4,3.18,0.16
3/19/2021,2.2,0.36,0.1,1.95,1.2,25.08,6.4,1.51,0.92,0.5,29.41,3.3,3.18,0.16
3/20/2021,2.2,0.36,0.1,1.95,1.2,13.4,7.7,1.51,0.92,0.6,12.96,15.5,3.18,0.13
3/21/2021,2.2,0.36,0.1,1.95,1.2,3.1,8.8,1.44,0.92,0.7,2.88,13.5,3.18,0.11
3/22/2021,2.2,0.36,0.1,1.95,1.2,2.3,10.1,1.44,0.92,0.8,2.72,11.7,3.18,0.11
3/23/2021,2.2,0.36,0.1,1.95,1.95,2.1,10.8,1.44,1.24,1,3.2,7.6,3.18,0.11
3/24/2021,2.2,0.58,0.1,1.95,2.3,1.9,10.8,1.58,1.24,1.0,3.36,3.4,3.18,0.13
3/25/2021,2.2,0.6,0.1,1.45,2.3,1.6,10.8,1.51,1.12,1,3.2,1.6,3.18,0.11
3/26/2021,2.2,0.6,0.1,0.95,2.3,22.65,10.8,1.58,1.12,1.5,28.94,1.5,3.18,0.15
3/27/2021,2.2,0.6,0.1,0.87,2.3,13.4,10.8,1.51,1.12,1.6,12.68,6.4,3.18,0.14
3/28/2021,2.2,0.4,0.1,0.87,2.45,3.2,10.8,1.65,1.06,1.8,2.88,14.7,3.18,0.14
3/29/2021,2.2,0.4,0.1,0.87,2.45,2.5,10.8,1.51,1.06,1,2.72,12,3.18,0.16
3/30/2021,2.2,0.5,0.1,0.83,2.45,2.3,10.8,1.44,1.06,1,2.72,7.8,3.18,0.19
3/31/2021,2.2,0.4,0.1,0.87,2.15,2.3,10.8,1.37,1.06,1,2.88,2.7,3.18,0.15
4/1/2021,3.5,0.4,0.1,0.87,2.15,2.3,3.2,1.37,0.88,0.6,3.04,1.4,3.18,0.15
4/2/2021,5,0.4,0.1,0.87,2.15,18.4,1.6,1.37,0.88,0.85,32.23,1.35,3.18,0.15
4/3/2021,10.5,0.4,0.05,0.87,2.15,26.13,15.4,1.3,0.88,0.85,9.44,12.6,3.18,0.18
4/4/2021,10.9,0.5,0.05,0.87,2.15,3.4,17.85,1.37,0.92,0.7,1.68,12.9,3.18,0.19
4/5/2021,11,0.5,0.05,0.52,2.45,2.9,16.8,1.58,1.24,0.85,3.04,13.2,3.18,0.22
4/6/2021,11,0.65,0.05,2.19,2.6,2.9,11.25,7.86,2.14,0.85,3.36,7.2,3.18,0.38
4/7/2021,11,1.5,0.05,0.67,2.45,2.7,8.8,3.4,2.74,1.7,6,5.4,3.18,2.48
4/8/2021,11,0.83,0.05,0.67,2.3,2.6,9.25,2.42,1.66,0.9,3.36,5.4,3.18,1
4/9/2021,11,0.5,0.05,0.67,2.3,23.5,5,2.28,1.84,1.7,28,3.95,3.18,0.7
4/10/2021,11.84,0.5,0.05,0.67,5.6,15.43,19.25,2.21,1.36,1.7,13.24,16.5,3.18,0.7
4/11/2021,11.9,0.5,0.07,0.87,3.65,3.6,17.5,2.07,1.54,2.2,2.88,13.5,3.18,0.46
4/12/2021,12,0.65,0.07,1.4,2.9,3.5,19.6,2.21,1.36,3.7,2.4,14.4,3.18,0.7
4/13/2021,12.5,0.56,0.1,1.6,3.95,3,16.45,3.1,1.24,2.7,2.4,12.3,3.18,1.2
4/14/2021,13,0.5,0.1,0.91,2.45,2.6,15.05,3.6,1.24,4.2,2.72,10.8,3.18,0.85
4/15/2021,13.6,0.5,0.08,1,2.45,2.7,15.75,3,2.44,2.7,2.88,12,3.18,0.7
4/16/2021,25,0.3,0.08,1,2.15,27.18,10.5,2.35,3.12,2.7,26.4,8,3.32,0.8
4/17/2021,15.2,0.4,0.08,0.91,2.15,12.76,19.95,2.63,1.54,1.25,9.7,18,3.32,0.8
4/18/2021,4.3,0.5,0.1,1,12.6,3.7,17.15,2.9,1.84,2.7,1.8,12.9,3.32,0.85
4/19/2021,4.3,0.5,0.5,0.95,2.3,3.4,19.28,2.7,2.44,10.5,3.2,15,3.32,1.2
4/20/2021,4.3,0.5,0.35,0.87,1.7,3.1,19.66,2.35,1.54,12,3.2,15.5,3.32,1.38
4/21/2021,4.3,0.5,0.35,0.92,2,2.7,14.4,2.28,1.54,9.3,3.04,12.3,3.32,1.32
4/22/2021,4.3,0.5,0.35,0.96,4.7,2.5,11.15,2.21,1.54,7.8,2.88,9.6,3.32,0.7
4/23/2021,4.3,0.5,0.35,0.97,2,2.4,7.35,2.07,1.54,5.2,2.56,7.4,3.32,0.58
4/24/2021,4.3,0.4,0.35,0.91,1.7,2.3,5.25,2,1.54,4.5,2.28,5.8,3.32,0.49
4/25/2021,4.3,0.56,0.35,0.81,1.55,3.3,3.31,2.49,1.54,3.2,2.72,4.4,3.32,0.64
4/26/2021,4.3,0.56,0.35,0.81,1.75,2.6,5.75,1.86,1.54,3.7,2.4,6.4,3.32,1.62
4/27/2021,4.3,0.56,0.35,0.80,1.6,2.6,6,2.49,1.54,2.2,2.56,3,3.32,2.1
4/28/2021,4.3,0.56,0.35,0.94,1.95,2.6,10,2.9,1.66,3.7,5.2,4.55,3.32,2.72
4/29/2021,4.3,0.56,0.35,0.94,6.5,2.6,13,3.83,2.14,3.6,4.8,7.8,3.32,2.96
4/30/2021,4.3,0.56,0.35,0.91,3.05,2.6,16,3.96,1.84,3.7,4.2,11.7,3.32,1.74
5/1/2021,4.93,0.46,1.7,1.3,3.95,2.7,20.42,2.9,2.74,3.2,5.2,17.5,3.32,3.2
5/2/2021,4.4,0.6,3.7,3.43,2.45,2.9,19.28,3.4,1.84,10.05,3.68,15.5,3,2.48
5/3/2021,4.4,0.83,1.94,0.88,1.75,6.3,18.14,2.42,1.66,17.04,5.8,15.5,2.2,2.88
5/4/2021,4.4,0.74,1.48,0.87,1.65,3.3,13.75,2.28,1.54,13.8,2.72,12.3,2.2,2.96
5/5/2021,4.4,0.74,1.15,0.79,1.5,3.3,11.15,2,1.84,9.3,3.04,11.1,2.34,3.68
5/6/2021,4.4,0.83,1.37,0.93,4.1,2.8,20.8,2.14,1.54,6.7,5.6,17.5,2.54,1.98
5/7/2021,4.4,0.56,1.15,0.87,1.55,3.1,19.66,1.93,1.54,4.7,4.6,15.5,2.2,1.8
5/8/2021,4.4,0.5,1.15,1.32,7.7,4.69,11.15,2.07,1.54,5.2,4,9.9,2.32,1.1
5/9/2021,4.4,0.5,1.15,3.03,15.8,6.99,20.8,2.7,1.84,5.2,3.68,17.5,1.9,1
5/10/2021,4.4,0.4,1.15,0.87,4.85,6.3,18.14,3.1,1.54,4.3,4.8,12.74,1.5,0.9
5/11/2021,4.4,0.4,1.15,0.87,2.45,9.24,20.42,2.7,1.54,1.7,4.6,16.97,1.8,1.62
5/12/2021,4.4,0.5,1.15,0.95,1.65,7.22,20.04,2.28,1.84,1.35,4.8,14.26,1.21,1.1
5/13/2021,4.4,0.5,1.15,0.79,1.65,9.24,18.52,1.93,1.84,1,5.6,12.46,1.23,0.9
5/14/2021,4.4,0.4,2.3,0.55,1.5,5.38,21.22,1.86,1.84,0.85,4.4,14.9,1.12,1.05
5/15/2021,4.4,0.4,2.3,0.59,1.4,3.7,7,1.65,1.78,0.85,3.52,10.5,1.1,0.19
5/16/2021,4.4,0.4,2.3,1.12,1.35,3,10.15,1.65,1.84,0.85,3.2,8.5,1.1,0.19
5/17/2021,4.4,0.4,2.3,0.79,1.3,4,11.15,1.65,1.54,0.95,2.72,8.75,0.9,0.17
5/18/2021,4.4,0.4,2.3,0.34,1.65,4,14.4,1.93,1.84,0.85,2.56,7.54,0.8,0.14
5/19/2021,4.4,0.44,2.3,0.31,2.45,3.7,4.5,2.14,1.54,0.8,2.56,4,0.94,0.7
5/20/2021,4.4,0.4,2.3,0.25,1.75,6.99,2.08,1.86,1.54,0.6,2.88,1.9,0.94,0.8
5/21/2021,4.4,0.4,2.06,0.43,1.7,6.76,1.6,1.79,1.72,0.6,3.04,2.2,0.94,0.64
5/22/2021,4.4,0.4,2.06,0.34,1.65,3.3,1.36,2,1.84,0.6,2.56,1.66,0.5,0.64
5/23/2021,4.4,0.78,2.06,0.49,1.65,13.4,0.76,1.86,1.54,0.6,12.12,1.1,0.67,0.32
5/24/2021,4.4,0.46,1.94,0.49,1.5,6.3,9.8,1.65,1.84,0.85,2.4,8,0.7,0.52
5/25/2021,4.4,0.46,2.9,6.3,1.5,4,9.1,1.51,1.84,0.8,2.88,7.54,0.87,0.52
5/26/2021,4.4,0.44,2.9,1.65,1.4,11.8,6.25,1.65,1.84,0.85,2.88,5.93,0.5,0.52
5/27/2021,4.4,0.5,2.3,1.45,1.4,13.72,18.52,1.79,1.84,0.7,2.88,14.58,0.6,0.61
5/28/2021,4.4,0.5,2.3,1.25,1.45,9.24,13.75,2.49,1.84,0.85,2.88,11.06,0.65,0.52
5/29/2021,4.4,0.5,2.66,1,1.75,17.13,15.05,4.61,1.84,0.6,3.04,11.62,0.65,0.49
5/30/2021,4.4,0.74,2.9,1.25,2.45,15,19.28,2.42,1.84,1.1,3.2,14.58,0.65,1.2
5/31/2021,4.4,0.5,4.5,1,2.45,12.76,13.75,2.42,1.84,1.3,3.2,11.9,0.87,1.1
6/1/2021,4.4,0.46,3.38,0.95,1.85,13.72,17,2.28,1.96,0.85,3.2,12.46,0.75,0.8
6/2/2021,4.4,0.4,2.3,0.75,1.7,8.6,15.7,1.79,1.84,0.6,3.04,11.34,0.5,0.64
6/3/2021,4.4,0.4,2.06,0.75,1.65,6.53,17,1.72,1.84,0.6,2.4,11.62,0.5,0.52
6/4/2021,4.4,0.3,1.94,0.75,1.6,5.84,17.38,1.72,1.96,0.6,2.16,11.34,0.65,0.7
6/5/2021,4.4,0.26,1.94,2.79,1.5,4.92,10.15,1.72,1.84,1.1,2.4,8.75,0.5,0.9
6/6/2021,4.4,0.34,2.3,1.22,1.75,4.92,7.35,1.58,1.78,1.7,2.88,8,0.45,0.4
6/7/2021,4.4,0.32,2.06,1.4,1.65,8.14,5.5,1.58,1.78,0.95,4,5.7,0.5,0.36
6/8/2021,4.1,0.34,2.06,0.99,1.65,7.22,18.52,1.58,1.84,0.6,4.8,13.3,0.56,0.28
6/9/2021,9.33,0.54,5.01,0.92,1.65,6.99,18.9,4.48,1.96,2.7,4.8,13.3,0.58,0.9
6/10/2021,13.17,0.74,2.66,1.18,2.45,18.83,20.42,2.9,3.04,6.1,4.8,15.22,0.65,3.12
6/11/2021,13.5,0.83,2.3,1.17,2.75,19.25,18.14,2.35,2.74,3.6,6.96,14.26,0.54,1.62
6/12/2021,7.88,0.69,2.3,1.7,1.9,21.8,17.38,2,2.14,1.5,6.72,16.18,0.56,1.86
6/13/2021,4.1,0.5,2.3,1.24,1.5,14.68,17.76,2,2.14,0.85,4.8,15.54,0.5,1.2
6/14/2021,4.7,0.5,2.3,1.26,2.3,11.8,20.8,2,3.28,1.1,4.8,15.22,0.45,1
6/15/2021,6.86,0.69,3.22,1.32,3.95,15.85,10.15,2.56,2.14,6.2,4.8,10.5,0.62,1.8
6/16/2021,5.54,0.6,2.3,3.43,6.5,8.37,8.05,2.56,2.32,1.7,5.6,9.25,0.65,2.34
6/17/2021,5.76,1.62,2.3,1.23,15,11.48,18.52,4.75,2.41,6.64,6.48,13.94,1.04,3.3
6/18/2021,7.3,0.6,2.3,1.55,4.7,10.25,19.28,3.74,2.48,6.64,11.28,16.18,0.62,3.6
6/19/2021,5.76,0.6,2.07,1.21,4.7,8.04,12.45,3.35,2.14,5.44,8.7,11.34,0.53,0.8
6/20/2021,4.7,0.4,2.07,0.95,3.2,5.48,18.14,2.96,1.72,2.4,4.6,13.3,0.45,0.61
6/21/2021,3.1,0.24,2.07,0.91,2.6,4.26,15.7,2.7,1.55,2.8,3.82,11.62,0.45,0.49
6/22/2021,2.97,0.24,2.07,1.62,2.6,3.28,11.15,2.7,1.84,2.3,3.82,9.25,0.45,0.49
6/23/2021,3.1,0.3,2.07,1.68,2.6,3.7,16.35,2.96,1.84,1.92,4.2,11.34,0.45,0.4
6/24/2021,2.45,0.34,1.8,1.60,2.45,2.34,8.75,2.83,1.84,1.64,4,7.54,0.33,0.4
6/25/2021,2.32,0.34,1.8,0.71,2.6,3,4.33,2.5,1.84,3.4,3.82,4.51,0.33,0.4
6/26/2021,1.93,0.36,1.8,0.63,2.75,2.78,2.08,2.5,1.84,3.4,3.1,2.4,0.56,0.38
6/27/2021,2.84,0.36,2.25,0.71,2.6,2.67,2.8,2.5,1.84,2.9,2.74,3.04,0.56,0.49
6/28/2021,2.45,0.4,1.8,0.67,3.2,2.56,4.75,2.3,1.72,1.5,2.56,4.68,0.56,0.38
6/29/2021,2.84,0.36,1.8,1.36,2.9,2.45,5.75,2.3,1.66,1.2,3.1,5.19,0.56,0.4
6/30/2021,2.45,0.34,1.8,0.59,3.65,2.23,1.96,2.3,1.84,1.35,3.28,2.8,0.56,0.38
7/1/2021,2.45,0.36,1.8,1.16,3.35,3,0.96,2.4,1.84,1.35,3.28,2.8,0.56,0.38
7/2/2021,3.3,0.4,1.8,1.12,3.8,3.14,0.96,2.4,2.08,1.64,14.14,1.45,0.56,0.52
7/3/2021,2.84,0.6,1.66,1.09,4.7,10,6.25,2.4,1.96,1.5,3.64,6.85,0.56,0.46
7/4/2021,2.71,0.4,1.66,1.05,3.65,6.43,11.15,2.4,1.96,1.1,2.92,9.75,0.53,0.46
7/5/2021,2.71,0.38,1.66,0.90,3.2,4.26,20.42,2.3,1.84,1.1,3.1,14.58,0.5,0.49
7/6/2021,2.32,0.36,1.66,0.59,2.75,3.42,17.76,3.61,2.14,1.1,3.28,12.18,0.5,0.95
7/7/2021,2.32,0.42,1.8,0.89,2.9,3.14,17.76,4,3.92,1.64,3.64,13.3,0.5,1.2
7/8/2021,3.1,0.5,1.8,0.96,13,10,17.38,4.75,2.62,20.84,7.62,21.83,0.59,0.95
7/9/2021,7.08,7.4,1.98,1.05,20.6,13.1,20.04,6.85,11.12,15.92,8.16,48.75,0.59,29.54
7/10/2021,15.72,6.55,1.98,1.04,13,30.8,20.04,6.55,3.04,35,8.43,67.05,1.04,14.15
7/11/2021,14.24,6.55,1.98,1.25,49.5,21.61,10.5,15.36,16.6,31.8,10.1,29,0.8,5.23
7/12/2021,10.5,9.4,1.98,0.97,13,18.1,18.52,28.3,30.97,26.8,8.16,48.75,0.84,15.65
7/13/2021,7.08,5.7,1.98,1.55,15.8,19.27,17.76,9.8,11.77,21.69,8.98,42.65,0.84,9.76
7/14/2021,10.86,1.56,1.98,1.55,10.4,10.75,15.7,8.6,5.56,15.12,7.35,15.54,0.65,2.62
7/15/2021,3.5,0.6,1.89,1.7,9.5,8.04,18.52,7.6,3.84,11.2,6,14.9,0.59,1.55
7/16/2021,13.17,1.28,1.59,1.7,13,6.89,11.15,15.36,6.3,10.84,5.6,13.94,0.84,7.98
7/17/2021,9.91,4.9,1.59,1.7,13.8,21.61,21.64,9.8,11.12,15.6,9.54,33.5,0.74,14.15
7/18/2021,9.91,1.5,1.59,1.55,17.8,12.05,9.8,6.85,5.56,14.96,6.81,13.94,0.65,3.1
7/19/2021,4.9,0.78,1.98,1.45,7.4,8.5,18.9,5.8,4.72,11.34,6,15.22,0.84,1.15
7/20/2021,2.97,1.5,1.66,1.2,9.5,9.25,22.06,5.8,5.56,9.64,6.81,19.32,0.68,2.17
7/21/2021,8.46,7.4,1.66,1.2,12.6,19.27,19.66,8.2,15.1,9.64,9.82,24.98,0.88,13.85
7/22/2021,2.97,3.75,1.66,1.5,14.2,13.8,35.4,6.25,4.72,8.56,6.81,17.44,0.71,5.45
7/23/2021,2.58,2.1,1.66,1.4,26.2,12.05,20.29,7.4,7,7.24,9.26,11.9,0.8,2.8
7/24/2021,3.1,1.68,1.59,1.3,38.5,10.25,35.4,7.4,4.8,6.28,8.7,12.46,0.74,1.55
7/25/2021,3.1,1.5,1.59,1.5,23,9,45.55,5.95,7,5.44,8.98,14.9,0.68,1.41
7/26/2021,2.58,1.28,1.59,1.5,23,8.27,23.3,5.8,4.32,4.8,6.27,9.5,0.68,1.76
7/27/2021,2.45,1.28,1.52,1.5,25.4,7.12,44.1,5.8,3.76,2.5,6.27,13.02,0.68,1.48
7/28/2021,2.45,1.28,1.45,1.65,29.5,7.35,47,5.5,2.83,3.8,7.08,13.02,0.71,1.41
7/29/2021,1.7,1.05,1.45,1.85,28.5,7.35,47,5.2,2.83,4.4,6.27,13.3,0.62,0.7
7/30/2021,2.19,1.05,1.45,1.75,21,6.2,38.3,4.75,2.83,4.9,6,11.06,0.56,0.67
7/31/2021,2.06,0.6,1.45,1.7,18.2,5.84,56,4,2.83,6.04,5.6,27.5,0.46,0.64
8/1/2021,2.06,0.6,1.45,1.3,14.6,4.94,38.3,4,2,6.54,6,21.55,0.45,0.6
8/2/2021,2.32,0.56,1.45,1.15,13.4,4.94,18.16,3.74,1.84,7.6,6.81,13.9,0.44,0.55
8/3/2021,1.8,0.56,1.45,1.15,14.2,5.84,17.32,3.74,1.55,7.24,7.08,19.75,0.42,0.4
8/4/2021,1.8,0.6,1.45,1.35,15.8,5.3,15.28,3.74,1.55,5.2,7.08,17.8,0.5,0.55
8/5/2021,1.8,0.4,1.45,1.75,35.5,4.76,6.5,3.61,1.55,3.8,7.62,9.9,0.56,0.49
8/6/2021,1.8,0.4,1.45,1.35,24.6,6.2,20.8,4,1.55,2.4,4.4,21.05,0.46,0.49
8/7/2021,1.8,0.4,1.38,1.2,21.4,5.12,22.2,4.3,1.4,3.1,5.2,22.35,0.46,0.46
8/8/2021,1.8,0.5,1.38,1.2,18.6,3.98,14.6,3.74,2.14,2.6,4.8,17.8,0.42,0.46
8/9/2021,1.7,0.4,1.31,1.1,14.2,3.14,16.64,3.61,2.02,2.6,4.2,18.45,0.42,0.38
8/10/2021,1.7,0.4,1.1,1.15,12.2,3.42,15.96,3.35,1.84,2.2,4,17.8,0.4,0.36
8/11/2021,1.6,0.4,1.31,0.95,10.7,4.4,13.24,3.35,2.14,1.99,4,15.6,0.4,0.36
8/12/2021,1.8,0.4,0.98,1.05,10.4,5.12,23.6,3.22,1.84,1.92,4.4,24.45,0.44,0.4
8/13/2021,1.8,0.4,2.94,5.85,9.8,4.26,18,3.09,2.02,6.4,4.2,19.75,0.4,0.38
8/14/2021,1.8,0.3,1.66,4.6,9.8,4.26,19.4,3.09,1.55,5.68,4,21.7,0.38,0.36
8/15/2021,2.06,0.56,2.25,4.38,9.5,4.58,6.97,3.48,1.66,8.32,3.64,10.6,0.42,0.4
8/16/2021,11.52,6.55,3.54,3.64,8.9,10.5,26.4,5.65,2.83,18.16,24.76,31.7,0.56,3.1
8/17/2021,10.2,4.1,4.55,8.2,8.3,42,23.6,5.65,2.69,25.8,24.39,59.4,1,8.44
8/18/2021,9.91,2.1,2.52,2.73,8.6,22,11.2,4.75,2.02,22.56,12.82,44.1,0.71,2.8
8/19/2021,7.88,1.98,2.07,5.85,7.7,13.1,18,5.05,1.84,16.72,7.62,34.6,0.77,1.15
8/20/2021,11.85,1.8,17,2.67,7.4,9.5,16.64,4.45,1.84,10.24,7.62,31.7,0.88,3.2
8/21/2021,10.86,1.62,2.52,4.6,7.1,15.94,9.32,4.45,1.84,16.24,8.16,38.6,0.71,3
8/22/2021,7.3,1.5,2.25,4.38,7.1,9.5,10.73,5.5,2.27,14.32,6.54,33.15,0.62,2.71
8/23/2021,6.86,1.05,2.25,2.61,6.5,5.84,11.2,4.3,1.84,10.84,6,19.75,0.62,0.95
8/24/2021,3.1,0.6,1.98,2.67,5.6,5.66,9.79,3.74,1.55,7.84,5.6,15.15,0.56,0.64
8/25/2021,8.17,1.28,2.25,3.15,5.3,5.66,16.64,9,2.02,19.14,5.6,22.35,0.71,0.9
8/26/2021,7.08,0.83,1.8,2.73,10.1,6.02,11.2,14.88,9.88,18.97,7.08,17.8,0.65,1
8/27/2021,5.54,0.6,1.8,2.31,19.4,5.84,13.24,7.4,5.56,14.96,5,19.1,0.8,0.8
8/28/2021,5.32,2.1,1.66,2.67,15.4,8.04,10.73,8,3.18,12.18,6.54,19.75,0.8,2.08
8/29/2021,7.3,1.28,1.66,2.55,14.6,8.04,13.92,16.64,14.11,9.04,9.82,23,0.92,1.99
8/30/2021,5.98,1.5,1.59,2.19,15.4,15.58,13.92,11.88,13.72,9.76,9.26,25.9,0.8,2.08
8/31/2021,5.1,1.05,1.59,2.01,13,10,12.56,8.6,5.38,9.04,8.7,24.45,0.77,1.69
9/1/2021,3,0.6,2.07,1.9,9.5,8,6.23,7.35,4.385,7.6,7.62,20.25,0.74,1.22
9/2/2021,2.45,0.6,1.8,0.78,11.4,6.89,11.2,6.1,3.39,6.16,6.54,16.05,0.71,0.75
9/3/2021,2.19,0.5,1.98,2.07,8.6,5.48,15.28,9.8,3.53,4.8,6.27,19.75,0.62,0.55
9/4/2021,4.9,1.5,1.8,1.6,11.4,9.25,16.64,7.6,8.09,4.4,5.8,24.45,0.65,0.7
9/5/2021,2.97,0.6,2.25,12.35,19,5.84,14.6,7,3.53,10.24,5,21.05,0.5,1
9/6/2021,3.1,0.83,2.07,15.2,9.5,4.58,7.91,7.6,8.68,10.48,5,13.8,0.48,0.75
9/7/2021,25.34,0.6,2.07,12.2,21.8,3.84,6.5,18.2,30.97,7.24,7.35,12,0.92,0.8
9/8/2021,18.06,1.28,2.07,9.8,14.2,20.44,27.8,9.4,11.77,6.4,7.89,47.4,0.65,2.9
9/9/2021,10.53,1.05,1.98,2.85,49.5,13.8,8.38,10.2,13.07,14.32,6.81,34.6,0.56,1.69
9/10/2021,35.35,11.75,2.43,2.01,49.5,25.84,27.8,25.64,30.97,22.92,7.62,54.6,0.74,12.28
9/11/2021,20.64,7.58,2.25,6.25,32.5,38.4,30.6,37.2,30.97,33.2,8.16,78.5,1.04,13.55
9/12/2021,12.51,2.7,2.25,30.2,40.5,25.84,14.6,20.28,23.3,28,8.16,57,0.8,5.34
9/13/2021,8.75,2.1,2.25,2.55,21.8,15.58,8.85,14.16,16.6,20.5,7.62,38.6,0.65,2.8
9/14/2021,5.54,2.7,2.52,3.22,14.2,9.25,32,10.4,11.12,23.28,7.35,42.45,7.84,3.91
9/15/2021,9.04,3.05,3.06,3.71,13,10.25,32.5,10.6,11.77,52.44,7.35,40.8,11,6.22
9/16/2021,13.5,2.7,2.43,3.36,17.4,23.44,47,22.1,16.6,52.92,11.5,49.05,21.62,6
9/17/2021,20.64,8.75,1.98,7.2,17.4,44.46,115,19.5,23.3,52.44,22.54,77.2,14,14.6
9/18/2021,35.35,9.2,2.07,6,11.8,36.12,58.25,16.64,22.33,38.9,17.52,69,17.16,9.28
9/19/2021,79.88,8.75,2.07,5.2,10.7,50.19,67.25,12.76,13.72,25.08,22.54,84.8,14.5,9.64
9/20/2021,41.82,2.7,2.25,5.1,8.9,51.56,87.8,10.8,11.77,15.92,21.08,86.2,9.28,4.35
9/21/2021,51.71,2.1,2.25,4.68,10.4,21.22,36.85,14.88,23.3,11.2,15.48,52.9,12.5,3.1
9/22/2021,49.03,6.98,2.25,6.2,29.5,27.3,81.7,24.8,18.1,10.96,16.16,75.25,8.56,17.93
9/23/2021,65.76,6.55,2.16,7.06,61,30.8,58.25,39.44,48.8,14,16.16,72.65,21.01,11.58
9/24/2021,59.52,4.5,2.25,6.5,48,63.99,72.55,54.36,42.1,23.28,28.7,86.2,15.54,7.32
9/25/2021,49.7,2.1,2.25,4.82,29.5,37.8,69.5,24.8,32.16,15.92,18.2,73.95,9.28,4.68
9/26/2021,52.38,8.3,2.25,6.37,55.5,28.3,62.75,53.64,64.58,19.99,14.14,71.4,9.64,11.44
9/27/2021,83.38,8.75,2.25,5.2,76,61.83,109,50.16,62.7,28,19.64,89.7,12,12.7
9/28/2021,75.5,7.4,2.52,8.24,55.5,62.52,118,36.24,32.16,37.8,33.7,115.75,20.4,18.1
9/29/2021,64.98,5.7,2.25,5.2,43.5,65.57,107.5,21.32,23.3,33,33.7,101.6,14,8.68
9/30/2021,59.52,4.1,2.25,5.2,25,42.6,65,17.68,18.1,22.56,24.02,77.2,12.5,4.68
10/1/2021,59.52,2.28,2.25,3.35,21,28.8,58.25,15.92,17.12,21.78,24.76,68.6,14.56,4.57
10/2/2021,59.52,2.7,2.7,3.62,21,27.8,45.55,14.16,16.15,21.01,25.5,60,16.62,4.46
10/3/2021,56.4,2.7,2.7,3.8,17.8,39,53.75,15.36,19,39.34,26.7,71.4,13.5,7.65
10/4/2021,57.96,3.4,2.43,2.22,19,31.8,47,17.42,25.3,29,23.65,65.4,9.28,6.33
10/5/2021,42.41,2.7,2.43,1.87,14.6,23.44,44.1,11.44,13.07,19.14,16.84,60,8.2,5.89
10/6/2021,36.51,2.16,2.25,2.22,11.4,19.66,67.25,10,11.77,13.58,13.15,52.35,6.4,3.8
10/7/2021,33.56,1.8,2.25,1.87,10.1,16.66,29.05,9.2,11.12,10.84,10.66,40.25,5.44,2.8
10/8/2021,30.69,1.28,2.43,1.74,8.9,12.4,24.45,8.6,9.88,8.56,8.98,28.8,4.8,2.44
10/9/2021,28.14,1.05,2.25,1.26,8,8.75,30.2,8,7.87,5.1,8.16,25.9,4.8,1.41
10/10/2021,27.12,0.96,2.07,1.04,6.8,7.35,18.16,7.6,4.72,5.44,6.81,16.5,3.52,2.62
10/11/2021,28.14,1.05,2.7,1.5,6.5,4.94,24.45,8.8,9.88,5.56,6.81,15.15,4.16,1.1
10/12/2021,28.14,0.96,2.25,1.38,6.2,7.58,26.75,11.22,12.42,9.64,9.54,19.75,5.44,2.35
10/13/2021,27.12,1.05,2.25,1.26,8,8.5,19.58,10.6,10.99,9.64,9.54,20.4,4.16,4.02
10/14/2021,26.61,0.96,2.25,1.04,10.7,6.89,17.45,9.8,9.88,9.04,7.35,15.15,3.84,3.7
10/15/2021,26.1,1.05,2.16,1.04,7.7,5.84,18.16,9,8.68,6.4,7.35,14.7,3.2,4.35
10/16/2021,29.67,1.05,2.16,1.74,13.8,6.66,17.45,14.64,13.46,7.12,7.08,14.7,3.84,4.68
10/17/2021,52.38,4.1,2.25,1.56,24.2,19.27,31.35,27.4,29.79,7.24,10.38,40.25,6.76,8.2
10/18/2021,39.46,2.7,2.25,1.44,40,22,33.95,19.24,20.58,6.64,11.83,40,6.4,6.99
10/19/2021,31.2,2.4,2.25,1.26,40,16.3,26.75,16.9,15.1,6.04,10.1,30.4,4.8,5.78
10/20/2021,30.18,2.1,2.07,1.32,38,9,22.15,16.38,17.35,6.04,10.1,23.8,5.12,6.22
10/21/2021,29.16,1.8,2.07,1.32,24.2,9.75,18.87,12.98,13.85,7.36,10.1,19,4.16,4.35
10/22/2021,29.16,1.5,2.25,1.2,21,8.75,18.87,11.66,15.4,8.56,10.1,17.5,6.4,4.57
10/23/2021,86.88,2.7,2.25,1.56,21.8,7.35,23.3,14.88,19.18,7.24,12.49,25.6,9.64,5.78
10/24/2021,79.88,4.1,3.06,3.27,21,123.6,139.6,19.5,24.5,19.82,31.18,150.3,18.24,11.58
10/25/2021,55.73,3.05,2.25,3.01,15.4,77.42,106,14.88,16.6,17.68,32.02,114.8,15,6.33
10/26/2021,42.41,2.4,2.25,2.5,12.6,51.56,60.5,12.98,13.72,12.6,22.17,75,12.5,3.7
10/27/2021,33.56,1.68,2.16,2.15,12.6,35.58,65,11.66,12.42,9.04,17.52,57.4,10.5,3.1
10/28/2021,36.51,1.5,2.25,1.74,10.4,28.8,38.3,12.32,12.42,7.24,15.48,43,9.28,2.62
10/29/2021,33.56,1.5,2.25,1.56,9.8,26.8,33.95,10.8,12.42,5.92,14.14,41.8,7.48,2.44
10/30/2021,29.16,1.5,2.25,1.2,10.7,25.36,30.2,13.92,13.98,5,10.66,37,6.76,2.71
10/31/2021,32.97,2.7,2.25,1.26,10.4,31.3,56,14.88,19.35,6.52,9.82,53.8,7.12,6.99
11/1/2021,32.97,3.4,3.9,1.5,12.6,26.32,38.3,13.2,13.72,15.12,9.54,47.8,7.12,4.68
11/2/2021,35.5,8.75,2.25,0.94,10.1,28.3,67.25,12.76,13.72,15.12,9.54,47.8,7.12,4.68
11/3/2021,48.36,6.98,2.25,0.94,8.6,37.8,67.25,11,13.07,23.28,12.16,76.5,7.12,9.16
11/4/2021,45.01,2.7,2.25,1.5,8.6,39,53.75,11,11.77,18.16,13.15,56.8,8.2,7.21
11/5/2021,44.34,2.58,2.25,0.89,8.3,40.2,62.75,10.2,11.12,10.84,11.5,53.2,8.2,5.12
11/6/2021,34.74,2.4,2.16,0.73,7.4,27.3,36.85,10.2,10.48,9.16,10.1,44.2,5.76,4.02
11/7/2021,32.97,2.1,2.16,1.04,8.6,22.48,45.55,10.6,12.16,7.36,8.98,40.6,5.12,3.3
11/8/2021,28.65,1.8,2.07,0.94,6.5,18.49,41.2,9.4,9.76,5.92,8.98,33.4,4.8,3.1
11/9/2021,28.65,1.8,2.07,0.84,6.2,13.8,31.35,9.8,11.12,5.1,8.7,29.2,3.01,6.88
11/10/2021,29.67,1.5,2.07,0.94,6.2,17.74,30.2,9,9.88,3.8,8.16,28.6,3.01,2.9
11/11/2021,28.14,1.5,2.07,0.78,6.2,16.3,25.6,8.6,8.68,2.9,7.35,23.2,3.84,2.35
11/12/2021,27.63,1.5,2.07,0.78,5.3,15.58,19.58,8.6,8.68,2.9,6.81,21,3.52,1.9
11/13/2021,31.2,1.28,2.16,0.84,5,15.58,41.2,8,8.44,2.9,7.08,28,5.44,1.76
11/14/2021,28.14,1.28,2.07,0.89,4.85,19.27,44.1,7,8.09,2.8,12.82,34.6,7.12,1.76
11/15/2021,26.1,1.05,2.07,0.73,4.85,19.27,39.75,7.6,7.98,2.2,8.43,31.6,4.8,1.48
11/16/2021,25.6,1.05,2.07,0.73,4.7,17.02,32.5,7,7.54,2.06,7.35,25,3.52,1.48
11/17/2021,25.6,0.87,2.07,0.73,4.7,13.1,53.75,7,7.21,1.92,6.27,28.6,3.2,1.48
11/18/2021,25.1,0.87,2.07,0.73,4.55,11,51.5,7,8.09,2.3,6.27,26.8,3.2,1.76
11/19/2021,25.1,1.05,2.07,0.73,4.4,10.25,67.25,7,7.54,2.13,6.27,29.8,3.2,1.69
11/20/2021,22.1,1.05,2.07,0.73,4.4,9.75,31.35,7,6.5,2.3,6.27,20.5,3.01,1.2
11/21/2021,21.6,0.83,2.07,0.48,4.4,8.5,29.05,7,6.01,2.3,6,19,2.82,1.2
11/22/2021,19.93,0.83,2.07,0.48,4.25,8.04,21,7,6.01,2.3,5.4,13.5,2.82,1.15
11/23/2021,19.54,0.83,2.07,0.48,4.1,8.04,58.25,7,6.01,2.6,5.4,21.5,2.82,1.15
11/24/2021,18.76,0.6,1.98,0.48,10.1,9.25,53.75,7.6,7.54,8.32,6.27,21.5,2.25,1.2
11/25/2021,18.76,0.6,1.98,0.4,5,10.25,45.55,7.2,8.68,4.9,6,22.6,2.25,1.1
11/26/2021,19.54,0.6,1.98,0.4,4.85,10,25.6,6.25,6.5,1.99,5.6,16.5,2.25,1.15
11/27/2021,18.76,0.83,1.98,0.3,4.25,10,39.75,7,6.7,2.3,5.6,25,2.25,1.2
11/28/2021,19.54,0.83,1.98,0.3,4.1,9.75,35.4,7,7.54,2.3,5.4,21.5,2.25,1.2
11/29/2021,18.76,0.6,1.98,0.33,3.95,8.04,65,6.55,7.54,2.2,4,26.8,1.87,1.05
11/30/2021,17.59,0.6,1.98,0.33,3.95,4.4,39.75,6.1,7.54,1.5,5,19,1.68,0.95
12/1/2021,18.37,0.6,1.98,0.33,3.8,2.89,38.3,6.1,5.83,1.99,5,21.5,1.68,0.95
12/2/2021,16.46,0.6,1.98,0.33,3.65,2.78,49.25,5.65,5.56,2.06,4.8,20,1.68,0.64
12/3/2021,16.09,0.6,1.8,0.08,3.5,3.7,49.25,5.5,5.56,2.13,4.8,20,1.3,0.64
12/4/2021,15.72,0.6,1.8,0.08,3.5,3.28,42.65,5.8,5.56,1.78,4.6,18.5,1.22,1.15
12/5/2021,15.72,0.6,1.8,0.08,3.65,2.67,49.25,5.8,5.56,1.64,4.4,19.5,1.3,0.55
12/6/2021,15.72,0.56,1.8,0.1,3.5,2.56,53.75,5.5,4.72,1.78,4.4,21.5,1.3,0.55
12/7/2021,15.1,0.56,1.8,0.1,3.35,2.01,38.3,5.5,4.72,1.64,4.4,16,1.22,0.46
12/8/2021,15.1,0.56,1.8,0.23,3.2,2.01,56,5.5,4.72,1.5,4.6,20.5,1.22,0.49
12/9/2021,15.35,0.52,1.8,0.23,3.2,1.81,32.5,5.5,5.12,1.4,3.82,14.5,1.22,0.43
12/10/2021,15.35,0.5,1.8,0.2,3.2,1.9,58.25,5.5,4.72,1,3.82,21.5,1.22,0.4
12/11/2021,14.61,0.54,1.8,0.2,3.05,1.72,33.95,5.5,3.92,1.25,3.64,19.5,1.22,0.36
12/12/2021,14.61,0.5,1.8,0.2,2.9,1.63,36.85,5.5,3.92,1.05,3.64,15,1.22,0.38
12/13/2021,15.16,0.5,1.8,0.2,2.75,1.54,39.75,5.5,3.18,1.3,3.64,15.5,1.22,0.38
12/14/2021,15.16,0.5,1.73,0.25,2.75,1.09,60.5,5.35,3.18,1.05,4,22,1.22,0.36
12/15/2021,15.16,0.5,1.73,0.25,2.75,1.45,51.5,5.35,3.18,1.3,3.64,19.5,1.14,0.34
12/16/2021,15.16,0.5,1.73,0.25,2.75,1.09,35.4,5.05,3.18,1.78,3.82,14.5,1.14,0.36
12/17/2021,15.16,0.5,1.45,0.25,2.6,1.27,51.5,5.05,3.18,1.78,3.64,19.5,1.14,0.26
12/18/2021,14.98,0.5,1.45,0.2,2.6,1.27,47,5.05,3.18,1.57,3.64,19,1.06,0.3
12/19/2021,14.61,0.5,1.45,0.2,2.6,1.27,42.65,5.05,3.18,1.64,2.92,17,1.06,0.34
12/20/2021,13.5,0.5,1.45,0.2,2.6,1.27,49.25,5.05,3.18,1.71,3.1,19,1.06,0.32
12/21/2021,13.87,0.5,1.45,0.2,2.6,1.45,38.3,5.05,3.18,1.4,4,15.5,1.06,0.3
12/22/2021,13.2,0.5,1.38,0.2,2.6,1.81,58.25,5.05,3.18,1.45,4.2,21.5,0.9,0.34
12/23/2021,12.3,0.5,1.38,0.2,2.6,2.01,58.25,5.05,2.83,1.05,3.28,21.5,0.9,0.32
12/24/2021,12.6,0.4,1.31,0.2,2.6,2.34,62.75,5.05,2.83,1,3.28,22,0.9,0.32
12/25/2021,12.6,0.4,1.31,0.2,2.45,2.01,56,5.05,2.83,0.97,3.1,20.5,1.06,0.34
12/26/2021,12.6,0.3,1.31,0.2,2.45,2.23,60.5,5.05,2.83,0.97,3.1,21.5,1.06,0.36
12/27/2021,12.3,0.3,1.31,0.2,2.45,1.72,39.75,5.05,2.83,0.91,2.74,17,0.74,0.34
12/28/2021,12.3,0.3,1.31,0.2,2.45,1.72,51.5,5.05,2.83,0.82,2.92,19.5,0.74,0.32
12/29/2021,12,0.3,1.31,0.2,2.45,1.45,47,5.05,2.83,0.76,3.28,19,0.74,0.3
12/30/2021,12,0.3,1.31,0.2,2.45,1.63,51.5,5.05,2.83,0.76,3.28,19,0.74,0.32
12/31/2021,12,0.28,1.31,0.2,2.45,1.54,53.75,5.05,2.83,0.79,3.1,19.5,0.66,0.34
1/1/2022,12,0.28,1.31,0.13,2.3,1.54,15.36,5.05,2.83,0.76,3.1,11.95,0.66,0.32
1/2/2022,11.1,0.28,1.31,0.13,2.3,1.54,10.4,5.05,2.83,0.85,1.96,9.1,0.66,0.3
1/3/2022,10.8,0.28,1.31,0.13,2.3,1.81,14.79,5.05,2.83,0.88,1.84,12.4,0.82,0.26
1/4/2022,11.7,0.28,1.24,0.13,2.3,1.81,8.4,4.75,2.83,0.97,2.74,6.9,0.82,0.3
1/5/2022,11.7,0.28,1.24,0.1,2.3,1.81,13.65,4.75,2.83,0.94,2.74,10.3,0.82,0.28
1/6/2022,11.1,0.28,1.24,0.1,2.15,1.72,13.65,4.75,2.83,0.94,2.2,12.85,0.82,0.2
1/7/2022,10.5,0.28,1.24,0.1,2.15,1.45,13.08,4.75,2.83,0.94,10.38,8.75,0.74,0.3
1/8/2022,10.25,0.28,1.24,0.1,2,6.66,16.5,4.45,2.48,0.91,7.89,11.3,0.74,0.4
1/9/2022,2.9,0.26,1.1,0.1,2,3.98,10.4,4.45,2.48,0.88,5.2,8.25,0.82,0.3
1/10/2022,2.75,0.26,1.1,0.1,1.9,1.36,15.36,4.45,2.48,0.76,4.8,9.8,0.74,0.3
1/11/2022,2.75,0.26,1.1,0.1,1.9,1.45,13.08,4.45,2.83,0.76,5.2,8.75,0.74,0.3
1/12/2022,2.6,0.26,1.1,0.1,1.9,1.63,10.4,4.45,1.84,0.76,2.92,7.5,0.74,0.3
1/13/2022,2.6,0.26,1.1,0.1,1.85,1.09,12.51,4.45,1.84,0.76,2.92,8.25,0.74,0.3
1/14/2022,2.3,0.26,1.1,0.1,1.9,0.94,7.2,4.15,1.84,0.76,2.56,5.24,0.74,0.32
1/15/2022,2.3,0.28,1.1,0.1,1.9,5.12,7.2,4.15,1.84,0.73,6,5.68,0.66,0.3
1/16/2022,2.75,0.28,1.1,0.1,1.9,2.23,6.8,4.15,1.84,0.7,1.24,5.02,0.74,0.58
1/17/2022,5.4,1.05,1.1,0.1,1.95,2.78,14.22,4.75,1.84,0.82,3.64,9.25,0.9,0.64
1/18/2022,5.2,1.05,1.45,0.1,1.9,3.98,14.79,4.45,2.14,1.64,3.82,11,0.98,0.85
1/19/2022,4.1,1.05,1.45,0.1,2.75,3.7,12.51,4.15,2.48,1.3,4.6,11.3,0.74,0.7
1/20/2022,3.92,1.05,2.25,0.1,2.3,7.58,13.65,4.45,2.48,1.64,6,9.25,0.98,0.55
1/21/2022,4.46,1.05,2.25,0.1,2.45,4.94,13.65,4.45,2.48,3,5.6,10.7,0.9,1.1
1/22/2022,4.28,1.05,2.52,0.1,2.6,4.26,10.8,4.45,1.84,2.9,4.4,9.25,0.9,1.2
1/23/2022,3.92,0.5,2.25,0.1,2.15,2.78,10.8,4.45,1.84,2.6,4.2,8,0.9,0.95
1/24/2022,3.56,0.4,1.66,0.1,1.9,1.72,18.1,4.45,2.14,1.99,3.64,11,0.82,0.7
1/25/2022,3.74,0.4,1.66,0.1,1.9,1.54,11.94,4.15,2.14,1.92,4,8.25,0.66,0.46
1/26/2022,3.74,0.4,1.66,0.1,1.9,1.09,1.99,4.15,0.28,1.64,4,8.5,0.74,0.38
1/27/2022,3.74,0.3,1.52,0.1,1.9,1,1.81,4.15,0.28,1.5,3.28,2.5,0.9,0.32
1/28/2022,3.56,0.3,1.52,0.1,1.85,0.94,1.9,4.15,0.28,1.5,3.1,2.6,0.9,0.32
1/29/2022,3.38,0.3,1.45,0.1,1.75,4.94,1.9,3.74,0.28,1.45,7.62,2.65,0.9,0.22
1/30/2022,3.38,0.3,1.45,0.1,1.8,1.63,1.84,3.74,0.28,1.64,2.92,2.6,0.9,0.19
1/31/2022,3.38,0.3,1.45,0.1,1.75,1.36,1.69,3.74,0.28,1.64,2.56,2.3,0.82,0.32
2/1/2022,3.38,0.3,1.45,0.08,1.75,1.09,4.72,3.48,0.28,1.71,2.92,3.5,0.9,0.22
2/2/2022,2.75,0.3,1.45,0.08,1.7,0.88,5.06,3.48,0.28,1.25,2.92,3.68,0.9,0.26
2/3/2022,3.2,0.26,1.45,0.06,1.7,0.76,3.1,3.35,0.28,1,2.92,2.13,0.9,0.26
2/4/2022,2.3,0.26,1.45,0.08,1.7,2.23,2.65,3.35,0.28,0.91,2.74,1.85,0.58,0.28
2/5/2022,1.7,0.24,1.45,0.08,1.65,4.94,2.8,3.35,0.28,0.82,6.81,1.99,0.5,0.32
2/6/2022,2.9,0.24,1.45,0.08,1.65,2.67,6.72,3.35,0.28,2.4,2.92,5.3,0.82,0.32
2/7/2022,7.52,0.24,1.45,0.08,1.65,2.67,5.62,4,0.32,0.91,3.28,4.4,1.3,0.34
2/8/2022,3.56,0.3,1.8,0.08,1.6,2.78,2.02,3.35,0.28,0.91,3.64,4.76,0.82,0.3
2/9/2022,3.05,0.3,1.8,0.08,1.6,2.89,2.11,3.35,0.28,0.76,3.28,5.3,0.66,0.34
2/10/2022,2.3,0.3,1.8,0.08,1.6,2.67,1.51,3.22,0.28,0.76,3.28,2.2,0.58,0.34
2/11/2022,1.7,0.3,1.8,0.08,1.6,2.23,1.87,3.09,0.28,0.82,2.92,3.86,0.5,0.3
2/12/2022,2.3,0.26,1.8,0.08,1.6,6.43,1.96,3.09,0.28,0.88,9.82,4.4,0.45,0.34
2/13/2022,1.43,0.26,1.8,0.08,1.55,2.89,1.75,3.09,0.28,0.85,2.74,3.37,0.45,0.34
2/14/2022,1.34,0.26,1.8,0.08,1.55,2.01,1.9,3.09,0.28,1,2.56,4.22,0.45,0.34
2/15/2022,1.34,0.26,0.86,0.08,1.5,1.81,1.81,3.09,0.28,1.1,2.74,3.5,0.45,0.28
2/16/2022,1.16,0.26,1.8,0.08,1.5,1.72,1.87,3.09,0.28,0.91,2.92,3.5,0.4,0.19
2/17/2022,1.25,0.26,1.8,0.08,1.5,1.72,1.42,3.09,0.28,0.76,2.92,1.57,0.4,0.2
2/18/2022,1.25,0.26,1.8,0.08,1.5,1.72,1.15,3.09,0.28,0.91,2.92,1.35,0.4,0.2
2/19/2022,1.61,0.3,1.8,0.08,1.7,5.84,1.15,3.74,0.28,1.45,9.26,4.58,0.45,0.2
2/20/2022,6.8,1.41,1.66,0.08,4.85,9.5,1.99,4,0.28,1.78,7.35,5.12,0.74,0.9
2/21/2022,2.3,0.4,1.66,0.08,1.9,3.42,1.9,3.48,0.28,1.64,3.64,4.4,0.58,0.2
2/22/2022,1.61,0.4,1.66,0.08,1.65,2.12,1.96,3.48,0.28,1.64,2.74,4.22,0.45,0.2
2/23/2022,1.61,0.4,1.66,0.08,1.65,1.54,2.05,3.22,0.28,1.64,3.82,4.94,0.4,0.2
2/24/2022,0.72,0.4,3.3,0.08,1.6,1.54,2.02,3.09,0.28,1.35,3.28,4.58,0.4,0.4
2/25/2022,0.72,0.4,3.3,0.08,1.55,1.09,1.96,3.09,0.28,1.3,2.92,4.22,0.4,0.36
2/26/2022,0.32,0.4,3.3,0.08,1.55,4.94,1.84,3.09,0.28,1.3,10.38,3.68,0.4,0.36
2/27/2022,0.48,0.36,3.3,0.08,1.55,4.94,1.45,3.09,0.28,0.97,7.08,2.33,0.4,0.32
2/28/2022,0.8,0.34,3.3,0.08,1.5,1.09,2.05,2.96,0.28,0.76,2.56,4.94,0.35,0.26
3/1/2022,1,0.38,2.52,0.04,1.5,2.01,1.96,3.09,0.28,0.85,2.74,4.4,0.35,0.26
3/2/2022,1.2,0.3,2.52,0.04,1.5,2.45,1.87,3.09,0.28,1.25,3.1,4.22,0.35,0.24
3/3/2022,1.25,0.28,2.52,0.05,1.5,2.56,0.98,3.09,0.28,1,3.1,1.05,0.35,0.22
3/4/2022,1.25,0.28,2.52,0.04,1.55,2.67,0.96,3.09,0.28,0.91,2.74,3.37,0.35,0.24
3/5/2022,1.25,0.28,2.52,0.04,1.55,7.35,0.9,3.09,0.28,0.76,11.83,0.9,0.35,0.2
3/6/2022,0.98,0.26,2.52,0.04,1.5,6.2,1.87,3.09,0.28,0.76,10.1,3.68,0.35,0.18
3/7/2022,0.89,0.17,2.52,0.03,1.5,3.14,1.87,3.09,0.28,0.76,2.74,3.68,0.35,0.18
3/8/2022,0.72,0.24,2.43,0.04,5,2.78,1.57,8.4,0.28,1.3,3.1,2.85,0.3,0.55
3/9/2022,1.25,0.24,2.43,0.05,1.7,2.67,1.93,4,0.28,1.4,3.28,4.22,0.4,0.26
3/10/2022,0.98,0.28,2.43,0.06,1.65,2.78,2.02,3.74,0.28,0.82,3.28,4.58,0.35,0.28
3/11/2022,0.72,0.3,3.3,0.05,1.9,2.67,1.93,3.22,0.28,0.76,2.56,4.04,0.3,0.32
3/12/2022,0.72,0.3,3.3,0.06,2.3,7.35,1.75,3.22,0.28,0.94,9.82,3.11,0.3,0.34
3/13/2022,0.98,0.3,3.3,0.06,1.65,4.94,1.93,3.22,0.28,0.91,6.81,4.22,0.3,0.32
3/14/2022,0.8,0.3,3.3,0.55,1.55,2.89,2.02,3.09,0.28,0.91,2.92,4.58,0.3,0.32
3/15/2022,1.07,0.3,3.3,0.15,1.7,2.78,1.93,4.6,0.28,1,2.74,3.86,0.4,0.3
3/16/2022,1.43,0.34,3.3,0.08,1.7,2.56,1.75,4.75,0.28,1.05,3.1,3.11,0.58,0.46
3/17/2022,1.07,0.3,3.3,0.07,1.4,2.78,1.15,3.22,0.28,0.85,3.1,1.4,0.45,0.36
3/18/2022,0.98,0.3,3.3,0.07,1.3,2.45,0.92,3.48,0.28,0.76,2.56,0.95,0.4,0.34
3/19/2022,0.98,0.3,3.3,0.09,1.3,8.75,0.84,3.48,0.28,0.76,11.5,0.75,0.5,0.3
3/20/2022,0.64,0.3,3.3,0.06,1.25,7.12,1.6,3.22,0.28,0.76,9.54,4.58,0.5,0.32
3/21/2022,0.64,0.3,2.94,0.08,1.9,3.14,1.87,3.48,0.28,0.73,2.2,3.86,0.58,0.26
3/22/2022,0.64,0.3,2.94,0.08,1.55,2.78,1.93,3.22,0.28,0.73,2.92,4.04,0.45,0.2
3/23/2022,1.16,0.3,2.94,0.1,1.6,2.34,1.9,3.74,0.28,0.82,1.96,3.68,0.45,0.19
3/24/2022,2.75,0.3,2.16,0.08,1.6,2.56,1.12,3.22,0.28,1.45,1.96,1.35,0.66,0.19
3/25/2022,2.6,0.3,0.98,0.07,1.55,2.23,0.98,3.09,0.28,0.91,1.72,1.05,0.5,0.3
3/26/2022,1.25,0.3,0.98,0.07,1.45,9.25,0.86,2.96,0.28,0.82,15.14,0.8,0.5,0.34
3/27/2022,1.07,0.3,0.98,0.06,1.4,8.5,1.75,2.7,0.28,0.76,11.83,4.04,0.5,0.19
3/28/2022,0.24,0.28,0.98,0.05,1.35,2.89,1.84,2.7,0.28,2.4,1.84,4.04,0.5,0.19
3/29/2022,1.61,0.28,0.98,0.05,1.35,2.34,1.9,2.7,0.28,0.82,3.46,4.04,0.5,0.17
3/30/2022,1.34,0.28,0.98,0.05,1.3,1.9,1.9,2.7,0.28,0.82,3.82,3.68,0.5,0.17
3/31/2022,1.16,0.28,2.16,0.05,1.3,1.54,1.03,2.7,0.28,1.05,3.64,1.2,1.36,0.17
4/1/2022,1.07,0.26,0.98,0.08,1.25,2.12,0.88,2.96,0.38,0.91,3.64,3.11,1.36,0.16
4/2/2022,1.07,0.28,2.07,0.08,1.3,10.75,0.98,2.96,1.44,1.1,20.36,1.05,1.36,0.19
4/3/2022,6.2,0.78,3.42,0.08,1.3,21.22,1.57,4.6,0.38,27.2,12.82,6.44,1.36,5.01
4/4/2022,4.1,0.5,2.52,0.08,1.55,11,2.08,3.22,0.38,17.52,6,8.45,1.36,0.7
4/5/2022,2.9,0.42,2.34,0.08,1.55,3.28,1.99,2.96,0.38,11.2,4.6,5.12,1.04,0.55
4/6/2022,1.85,0.42,1.45,0.08,1.4,2.23,1.96,2.7,0.43,10,4,4.22,0.96,0.4
4/7/2022,2,0.28,1.45,0.08,1.55,2.01,2.02,2.96,0.38,9.04,4,4.04,0.92,0.26
4/8/2022,4.46,0.4,1.45,0.08,1.45,3,2.02,5.8,2.14,10,4.6,4.76,0.96,0.58
4/9/2022,2.3,0.4,1.45,0.08,1.45,2.56,2.17,5.5,0.52,5.56,3.82,5.49,0.96,0.52
4/10/2022,1.85,0.36,1.45,0.08,1.45,1.81,1.9,3.61,0.52,6.64,3.28,4.04,0.92,0.32
4/11/2022,1.61,0.34,1.45,0.08,1.45,1.63,1.93,3.35,0.28,6.04,3.1,4.04,0.88,0.22
4/12/2022,1.61,0.28,1.45,0.08,1.4,1.81,1.99,3.22,0.36,4.4,3.28,4.22,0.92,0.28
4/13/2022,1.25,0.28,1.45,0.08,1.35,1.81,1.99,3.09,0.34,3.1,8.16,4.04,0.88,0.3
4/14/2022,1.25,0.28,1.45,0.08,1.3,6.02,1.99,2.96,0.28,2.2,7.62,2.33,0.88,0.24
4/15/2022,1.61,0.28,1.45,0.08,1.3,6.02,1.99,2.7,0.28,2.2,8.43,5.87,0.84,0.22
4/16/2022,1.52,0.28,1.45,0.08,1.3,4.94,1.99,2.5,0.28,1.99,3.28,5.12,0.88,0.28
4/17/2022,0.32,0.28,1.45,0.08,1.4,2.45,1.99,2.4,0.28,1.64,2.56,4.4,0.88,0.3
4/18/2022,0.32,0.3,1.45,0.09,1.5,2.12,1.99,2.7,0.28,3.9,2.56,3.37,0.88,0.28
4/19/2022,2.3,0.36,1.45,0.1,1.9,2.12,1.99,6.7,1.18,5,5.6,2.13,0.92,0.24
4/20/2022,2.75,0.83,0.98,0.55,3.35,1.9,1.99,6.4,3.82,13.44,5.8,3.86,1,3.91
4/21/2022,5.8,0.6,0.98,0.13,1.9,2.01,1.99,4.3,0.67,10.96,6.54,2.98,1,0.85
4/22/2022,2.9,0.4,0.98,0.09,1.8,4.12,1.99,3.48,0.52,7.72,6.27,4.22,1.12,0.8
4/23/2022,2,0.3,0.98,0.1,1.5,4.4,1.99,3.35,0.38,7.72,5.4,3.37,0.92,0.67
4/24/2022,1.43,0.3,0.98,0.09,1.45,2.23,1.99,2.7,0.38,6.64,4.6,2.85,0.84,0.58
4/25/2022,1.52,0.3,0.98,0.08,1.35,2.01,1.99,2.7,0.38,5.68,5.2,3.5,0.88,0.52
4/26/2022,1.52,0.3,0.98,0.08,1.3,1.54,1.99,2.5,0.28,4.9,4.2,4.4,0.88,0.18
4/27/2022,1.34,0.3,0.98,0.08,1.25,1.63,1.99,2.3,0.28,4.2,4.2,3.37,1.2,0.17
4/28/2022,1.61,0.4,0.98,0.07,1.3,1.45,1.99,2.7,0.28,2.2,5.2,3.11,1,0.3
4/29/2022,1.85,0.3,0.98,0.07,1.4,2.01,1.99,2.96,0.28,1.64,4.4,3.5,0.88,0.18
4/30/2022,1.34,0.3,0.98,0.07,1.8,5.3,1.99,5.5,0.28,4.4,10.94,3.68,0.84,0.17
5/1/2022,2.45,0.3,0.98,0.07,2.75,1.81,1.99,3.48,0.36,2.06,3.82,4.76,0.84,0.16
5/2/2022,2.75,0.4,1.04,1.8,1.75,2.78,2.02,5.2,0.94,1.99,6.54,4.4,1.12,0.28
5/3/2022,2.45,0.4,0.98,0.25,1.8,4.76,1.93,5.5,0.94,2.13,6.54,4.76,1.2,0.8
5/4/2022,1.61,0.4,0.98,0.1,1.5,6.2,2.05,3.74,0.38,1.25,6.54,5.3,0.88,0.43
5/5/2022,1.16,0.4,0.98,0.09,1.5,3.98,2.05,3.48,0.38,1.85,6,5.3,0.72,0.36
5/6/2022,1.25,0.4,0.98,0.84,1.45,3,2.05,3.22,0.28,1.35,3.82,4.76,0.8,0.26
5/7/2022,29.18,1.28,0.98,0.1,1.4,3.56,2.56,13.2,4.66,2.2,5.2,11.05,1.56,0.43
5/8/2022,3.05,0.83,0.98,0.09,1.55,14.15,1.93,5.2,2.63,18.97,6.81,5.87,1.08,1.34
5/9/2022,9.6,1.05,0.98,0.84,1.55,6.43,2.05,10.6,1.24,14.48,4.8,5.87,3.15,0.8
5/10/2022,8.04,1.05,3.54,0.55,1.55,21.61,1.93,5.2,1.24,9.64,22.54,6.25,1.28,1.05
5/11/2022,18.05,1.05,5.35,1.94,11,27.3,2.14,10.6,1.12,10.84,19.28,12.68,1.32,6.44
5/12/2022,16.88,4.9,4.42,1.04,4.1,45.72,50.4,7.4,2.28,10.84,13.15,21.8,1.12,9.64
5/13/2022,4.28,1.28,3.78,0.42,2,24.88,35.5,4.9,1.24,7.96,9.54,12.96,1,3.4
5/14/2022,2.3,1.05,3.18,0.55,1.75,17.02,21,4.6,0.94,7.72,6.81,7.01,0.64,2.62
5/15/2022,1.16,1.05,2.82,21.4,1.6,14.5,40.7,3.48,0.7,5.32,6.27,6.82,0.56,1.1
5/16/2022,0.8,0.83,2.52,1.87,1.45,9.75,38.1,3.48,0.52,4.4,5.4,6.25,0.54,1.15
5/17/2022,0.56,1.05,2.7,0.09,1.4,8.5,28,3.74,0.67,1.99,6.54,3.68,0.52,0.9
5/18/2022,0.72,0.6,4.03,0.1,3.5,18.88,58.8,37.52,2.25,7.24,6.54,8.45,0.54,0.52
5/19/2022,6.8,1.5,3.3,0.23,1.7,28.8,32.9,7,7.32,13.44,47.25,6.63,0.8,1.15
5/20/2022,7.26,1.8,1.98,0.15,2.15,24.88,35.5,6.25,4.14,18.97,13.81,13.24,5.56,1.48
5/21/2022,17.27,12.85,2.43,1.8,104.25,40.8,85.2,57.96,43.46,43.52,19.64,30.85,8.04,15.8
5/22/2022,74.5,19.65,11.25,1.8,36,271.8,168.5,29.2,21.82,77.02,100.6,118.6,55,28.57
5/23/2022,29.66,2.7,4.55,1.87,8.9,172,170.4,13.2,6.58,76.5,81.91,135.2,22.52,7.98
5/24/2022,13.94,3.4,4.16,1.2,4.85,91.6,113,7.6,5.64,51.48,46.3,55.28,14.5,3.83
5/25/2022,16.49,3.4,4.55,1.5,3.65,54.98,60.9,6.02,3.84,37,27.9,29.8,11.38,2.96
5/26/2022,9.34,3.4,2.94,0.68,2.15,39.6,44.1,4.72,3.54,24.18,17.86,21.5,9,2.04
5/27/2022,6.2,1.05,1.59,0.48,1.8,30.8,44.1,3.6,3,17.2,12.16,15.5,7.4,1.44
5/28/2022,4.64,1.05,1.45,0.42,1.7,23.44,34.2,3.27,2.75,14.64,9.26,11.59,6.48,1.1
5/29/2022,3.74,0.83,1.45,0.35,1.45,19.66,22,2.72,2.5,10,7.89,7.2,5.1,0.9
5/30/2022,3.05,0.83,1.45,0.23,1.4,16.66,24,3.27,2.25,8.08,6.81,6.44,4.53,0.95
5/31/2022,4.28,0.83,1.45,0.35,1.3,13.8,34.2,3.6,2.25,7,4.8,6.44,4.15,0.8
6/1/2022,6.6,0.83,2.7,0.45,1.65,18.1,39.4,5.85,3.84,10.6,4.6,7.7,5.33,3.5
6/2/2022,3.2,2.7,2.34,0.08,1.3,21.22,30.3,3.6,2.25,6.04,5,7.95,4.72,2.04
6/3/2022,2,1.28,1.45,0.08,1.15,13.1,36.8,3.05,2.25,4.7,4.4,6.44,3.96,1.32
6/4/2022,1.3,0.83,1.45,0.15,4.85,5.84,21,2.72,2.25,3.4,5.2,2.59,3.77,0.7
6/5/2022,1.3,0.6,1.31,0.15,3.8,3.98,28,3.05,2.25,3.4,5,3.11,3.39,0.67
6/6/2022,1.38,0.83,1.45,0.15,1.5,4.58,22,2.5,2.25,9.52,4.6,2.13,3.2,0.7
6/7/2022,1.38,0.6,2.52,0.1,1.3,4.26,18.3,2.41,2.25,5.68,4.8,2.06,3.2,0.95
6/8/2022,1.3,0.6,2.52,0.15,1.3,3.84,44.1,2.32,2.25,7,4.6,4.76,3.02,0.67
6/9/2022,1.22,0.6,1.45,0.15,1.95,4.94,16.2,2.23,2.25,4.5,4.4,1.78,3.02,0.58
6/10/2022,1.22,0.6,1.45,0.15,1.95,4.76,31.6,2.23,2.25,3.5,4.4,2.98,2.84,0.38
6/11/2022,1.14,0.6,1.45,0.23,1.9,4.4,36.8,2.14,2.25,2.6,4.6,3.86,3.2,0.38
6/12/2022,1.14,0.5,1.45,0.1,1.9,4.4,27,2.05,2.25,2.06,4.8,2.59,3.02,0.36
6/13/2022,1.14,0.5,1.1,0.1,1.7,4.4,30.3,1.96,1.45,1.85,4.6,2.85,3.2,0.46
6/14/2022,1.22,0.4,1.1,0.15,1.65,4.26,29,1.87,1.25,1.85,4.4,2.85,2.84,0.43
6/15/2022,1.38,0.6,1.1,0.09,1.6,4.4,26,2.23,1.15,2.13,4.2,2.46,2.84,0.4
6/16/2022,1.3,0.6,1.1,0.25,1.3,6.2,44.1,2.14,1.3,2.5,4.8,4.58,3.39,0.64
6/17/2022,1.38,0.6,0.98,0.23,1.55,2.56,16.2,2.14,1.3,3.8,3.82,1.57,3.58,0.61
6/18/2022,2.3,0.6,0.98,0.2,3.5,3.56,40.7,2.32,1.35,4,5.2,4.04,3.2,0.52
6/19/2022,1.3,0.5,0.98,0.45,1.55,2.78,30.3,2.05,1.5,4.1,5,2.98,3.02,0.58
6/20/2022,1.46,0.5,0.98,0.2,1.45,1.63,19,2.05,1.6,5.2,4.6,1.78,2.84,0.49
6/21/2022,0.86,0.5,0.8,0.1,1.5,2.01,35.5,1.96,1.5,4.1,4.4,3.11,2.84,0.43
6/22/2022,0.74,0.5,0.5,0.1,1.45,1.18,42,2.05,1.25,3.2,4.2,4.22,2.84,0.46
6/23/2022,0.66,0.5,0.5,0.09,1.45,1.45,39.4,1.96,1.25,2.13,3.82,3.86,2.84,0.4
6/24/2022,0.66,0.5,0.5,0.08,1.4,2.34,56.7,1.96,1.25,1.71,3.82,6.25,2.84,0.43
6/25/2022,0.66,0.4,0.5,0.1,1.45,2.23,28,1.96,1.25,1.92,4,2.33,2.84,0.43
6/26/2022,0.66,0.5,0.5,0.3,1.7,1.9,46.2,2.14,1.45,1.64,3.82,4.94,2.66,0.4
6/27/2022,1.06,0.5,0.46,0.45,6.8,2.78,16.2,2.5,1.35,1.64,4,1.45,2.66,0.46
6/28/2022,1.46,0.36,0.46,0.61,1.55,1.9,26,2.61,1.35,1.5,4,2.13,2.66,0.43
6/29/2022,1.22,0.36,0.46,0.45,1.8,1.81,26,2.32,1.35,1.57,4.2,2.13,2.66,0.46
6/30/2022,1.06,0.4,0.46,0.23,1.6,1.9,26,1.96,1.5,1.85,4,1.99,3.2,0.49
7/1/2022,4.46,0.4,0.8,0.94,1.6,5.3,17.6,2.5,1.5,2.4,5.6,1.57,6.48,0.55
7/2/2022,13.58,0.4,0.74,1.2,1.7,8.75,63,3.49,1.75,2.3,11.22,6.44,23.76,0.55
7/3/2022,11.34,0.5,1.24,1.04,2.15,27.3,56.7,2.41,1.45,3.9,29.1,8.7,13.72,1
7/4/2022,8.82,0.4,0.86,1.04,2.15,16.3,24,2.14,1.25,4.6,16.5,6.44,8.68,0.61
7/5/2022,4.1,0.5,1.45,0.78,2,10.75,35.5,2.41,1.3,4.1,10.94,5.68,6.94,0.52
7/6/2022,2.75,0.5,1.45,0.61,2.9,7.12,22,3.27,1.35,3.3,8.7,3.24,6.02,0.55
7/7/2022,3.2,7.4,1.45,2.5,1.7,7.12,26.76,3.38,1.4,3,7.62,15.5,8.04,2.87
7/8/2022,12.86,3.4,0.92,2.15,2.9,11.7,19.28,3.49,1.75,4.9,14.14,9.2,12.94,7.84
7/9/2022,12.5,3.4,0.92,1.26,3.95,37.8,18.52,3.74,2.35,8.68,15.48,16.4,8.36,1.96
7/10/2022,8.56,1.28,3.66,8.12,2.9,19.66,18.9,4.02,2.45,12.88,12.16,12.96,7.4,1.32
7/11/2022,23.2,1.5,3.18,0.89,3.65,28.3,21.64,4.72,3.72,11.9,15.14,10.51,9.96,0.9
7/12/2022,13.58,1.5,7.66,2.15,2.75,18.49,17.38,4.86,2.9,16.4,12.49,12.68,7.72,4.05
7/13/2022,8.56,1.28,2.16,1.26,4.1,12.4,13.75,4.02,2.65,16.56,9.82,6.63,6.48,1.2
7/14/2022,16.49,1.5,1.98,1.8,5.3,16.3,8.05,4.02,2.25,14.64,15.48,4.4,11.77,1.1
7/15/2022,17.66,4.1,2.52,1.26,5,37.2,17.38,8.32,4.44,18.64,16.16,18.8,6.94,5.44
7/16/2022,21.6,4.9,2.25,3.8,3.2,17.38,14.4,8.32,4.38,19.99,11.22,15.8,6.94,4.72
7/17/2022,13.22,2.1,2.07,2.59,5,16.3,10.5,5,2.9,18.8,10.94,11.32,6.94,3.41
7/18/2022,9.6,1.5,2.07,1,3.2,10,14.4,3.49,2.1,16.72,9.26,8.2,6.02,3.32
7/19/2022,7.52,1.5,1.98,0.89,2.5,7.35,9.45,2.94,1.65,13.72,9.26,4.22,6.02,1.26
7/20/2022,7,1.5,8.3,1.8,2.2,6.89,7.35,2.83,1.35,10.36,9.54,3.68,6.02,1.88
7/21/2022,8.04,0.83,2.25,2.93,3.4,9.25,13.75,5.85,2.25,10.24,10.1,6.25,5.79,1.05
7/22/2022,16.1,2.7,1.8,1.8,9.8,14.15,15.7,20.9,5.22,9.28,11.83,8.45,6.94,5.08
7/23/2022,20.8,2.4,2.34,1.56,9.2,45.72,21.64,14.95,4.2,29.2,31.18,24.55,12.55,7.48
7/24/2022,29.18,11.53,6.7,3.8,4.7,53.61,25,16.6,9.05,51.24,30.34,39.4,15.79,13.99
7/25/2022,24,5.7,2.7,2.59,4.3,61.15,23.74,7.42,4.2,45.5,39.35,36.8,12.16,9.85
7/26/2022,13.22,2.4,1.8,1.8,5.2,36.12,18.9,5.17,2.85,38.68,22.54,22.7,10.28,3.83
7/27/2022,8.82,1.74,1.8,2,8.0,22.48,10.5,4.02,2.45,31.2,16.5,12.13,7.72,1.38
7/28/2022,6.6,1.28,1.17,2.2,4.5,14.5,8.75,3.6,2.25,18.32,12.16,5.87,6.48,1.32
7/29/2022,6.8,1.05,1.1,3.5,6.4,9.75,10.15,3.27,1.65,12.32,9.82,5.49,5.79,1.1
7/30/2022,8.56,1.5,1.1,3.2,7.2,8.5,21.22,3.49,2.05,8.8,7.89,7.7,5.1,1.1
7/31/2022,8.3,1.28,8.68,2,7.5,11,18.9,3.49,1.75,9.88,9.54,6.63,8.36,1.44
8/1/2022,16.88,1.28,1.8,3.35,2.8,20.05,17.76,6.02,3.72,16.24,20.72,8.7,15.36,1.32
8/2/2022,17.27,11.2,4.68,3.71,2.8,30.3,18.14,5.17,3.36,17.36,41.15,14.64,13.72,2.44
8/3/2022,14.66,2.7,2.25,2.67,3.5,30.3,15.05,6.7,2.9,22.74,22.54,17.9,12.55,5.32
8/4/2022,17.66,2.7,2.25,2.5,17.8,37.2,18.14,6.53,4.2,17.36,28.3,20.9,8.36,5.8
8/5/2022,18.83,3.4,1.66,2.5,4.7,25.36,17,5.85,3.6,10.84,16.84,16.7,9.64,6.04
8/6/2022,34.1,9.2,1.66,6.48,4.55,28.3,25.88,7.06,4.2,9.4,16.16,20.9,8.68,9.55
8/7/2022,42.1,11.2,1.98,2.85,4.1,48.24,39.4,10.1,6.06,19.31,16.16,41,17.08,12.29
8/8/2022,82,13.4,6.7,2.95,11,65.57,25,16.04,8.12,40.44,36.71,43.4,19.42,18
8/9/2022,74.5,16.43,6.4,2.99,13.4,152.2,44.08,16.04,8.12,43.74,79.73,97.75,35,25.22
8/10/2022,82,12.3,3.66,2.85,25,232.2,230,12.7,7.96,45.72,98.8,215.2,59.5,22
8/11/2022,90,11.75,2.7,3.32,9.8,205.8,198,9.5,5.76,47.26,103,186.5,49.8,27.32
8/12/2022,64.05,7.85,19.87,3.44,6.8,176.4,179,8.5,4.74,46.82,76.05,182.8,42,12.91
8/13/2022,209.2,12.85,7.5,3.38,15,289.4,241.7,12.26,7.48,56.52,117.4,258.2,209.2,25.45
8/14/2022,70.9,8.3,4.16,3.28,9.5,309.6,332.8,8.14,5.22,48.14,161.5,298.4,49.8,16.89
8/15/2022,40.15,5.3,3.9,3.30,6.8,204.6,207,7.6,4.86,36.8,76.3,224,30.6,9.4
8/16/2022,25.88,4.9,5.95,3.42,7.7,108.24,153.3,7.42,4.8,34.8,52.49,147.5,28.45,17.20
8/17/2022,32.06,7.4,6.14,3.55,10.1,129.82,151.1,11.16,6,44.4,60.94,140.9,33.07,18.18
8/18/2022,33.5,11.2,6.97,3.11,13,167.12,148.9,13.2,8.12,51.96,75.41,136.7,61.71,20.46
8/19/2022,32.89,4.9,7.28,3.17,8.6,217.31,141.2,8.5,5.04,38.02,96.17,125.5,66.39,21.11
8/20/2022,31.08,10.68,6.88,3.22,6.5,237.17,124.5,7.42,4.32,22.56,101.83,93.55,67.99,19.88
8/21/2022,30.2,2.7,6.82,3.28,8,230.89,91.5,6.19,3.96,13.3,97.93,230.37,67.05,18.74
8/22/2022,28.35,8.34,7.17,3.38,5,216.26,91.5,5.85,3.96,10.96,92.53,219.76,63.27,18.19
8/23/2022,23.08,8.26,7.78,3.35,8.9,210.74,120,10.5,7.4,19.65,88.58,212.64,64.98,17.21
8/24/2022,21.15,7.84,5.99,3.32,7.7,216.58,126.3,7.78,5.04,18.8,91.46,204.46,68.46,18.39
8/25/2022,18.75,7.53,5.90,3.29,4.55,209.12,132,6.02,3.78,15.6,89.23,180.94,10.28,17.59
8/26/2022,16.19,6.73,6.28,3.29,7.7,185.02,138,6.7,4.26,55.08,80.15,156.93,21.9,17.85
8/27/2022,14.26,7.16,6.75,3.31,8.6,186.69,148.9,8.5,5.94,59.64,82.47,156.33,40,10.71
8/28/2022,14.66,7.64,7.01,3.30,8.9,198.6,169.4,7.24,4.62,51.48,87.63,165.63,25,11.66
8/29/2022,15.25,7.70,6.99,3.26,5.6,211.8,205.6,7.78,5.1,45.06,91.99,174.71,18.37,3.01
8/30/2022,20.33,7.18,6.83,3.29,4.25,146.7,155.5,6.19,4.2,32.8,93.96,181.03,14.5,3.24
8/31/2022,27.45,7.44,6.69,3.31,3.95,124.7,140.1,5.34,3.3,19.82,91.67,185.52,12.16,3.53
9/1/2022,16.88,2.1,2.12,7.88,4.4,110,133,5.85,3.6,12.32,70.4,108.5,14.5,3.72
9/2/2022,20,2.1,1.98,7.88,5.9,102,130,4.86,3,9.4,48.37,103.95,12.55,3.14
9/3/2022,16.88,2.1,2.4,6.94,8.3,87.1,125.4,5.51,3.36,6.52,41.9,95.5,9.96,2.44
9/4/2022,14.66,4.1,1.7,6.94,8.9,68.73,97.2,5.85,3.6,6.88,39.15,76.4,9.64,3.05
9/5/2022,10.47,2.4,1.3,6.37,4.4,65.57,85.8,6.53,3.9,7.6,37.75,72.8,9,2.44
9/6/2022,9.34,2.4,3.1,6.37,5.6,59.78,63,5.34,3.2,10.84,38.1,66.8,11.38,2.78
9/7/2022,8.3,8.3,3.1,6.04,11,63.99,91.5,6.19,3,14.32,37.4,75.2,11.77,5.08
9/8/2022,7.52,3.75,3.1,5.83,13,52.24,63,5.68,3.2,12.88,31.1,65.6,9.64,5.8
9/9/2022,13.58,13.4,5.45,5.83,16.2,52.24,53,14.7,9.6,24.36,36.7,60.05,12.94,8.5
9/10/2022,22.8,9.7,14,6.04,17.4,115,141.2,39.95,9.05,35.4,51.85,119.2,14.93,15.97
9/11/2022,21.2,12.3,9.43,7.64,31,144.5,164.7,28.75,17.47,58.44,65.51,159.6,39.2,22.92
9/12/2022,57.5,21.68,14,15.3,17,249,266,28.76,14.05,73.12,121.8,271,45.6,43.9
9/13/2022,67.45,3.05,7.74,16.6,10.7,293.3,302.3,15.2,8.52,88.2,164.4,302,102.2,20.6
9/14/2022,63.2,10.2,7.74,17.84,8.6,307.6,346,62.65,31.33,74.68,149.15,327,65.1,15.41
9/15/2022,89,9.2,7.38,19.7,9.2,332.4,341.4,18,9.9,52.92,130.6,333,40,12.13
9/16/2022,79,7.4,7.2,14.57,7.4,252.6,251.25,13.95,7.88,39.34,106.5,253.7,29.2,8.95
9/17/2022,73.6,6.55,6.84,14.58,5,227.4,207.5,10.5,6.3,30.2,94.85,208.7,40,5.92
9/18/2022,44.05,5.7,5.96,14.59,16.6,213,197,12.7,8.2,27,100.05,197.2,29.2,6.76
9/19/2022,40.15,5.7,4.6,10.28,15.8,208.2,201.5,10.5,6.44,27.2,96.15,203.6,21.9,7.24
9/20/2022,34.7,6.55,4.3,10.28,9.5,180.8,180.5,9.3,5.94,22.92,83,175.6,18.8,6.52
9/21/2022,60.7,10.2,3.85,14.28,6.5,168.7,173.8,10.1,5.76,19.14,81.2,165.2,29.9,6.76
9/22/2022,46.75,5.3,3.1,14.28,13,203.4,183.5,7.96,5.04,17.84,93.55,182,23.14,7.96
9/23/2022,33.5,4.9,5.45,14.28,6.8,173.1,176.4,7.96,5.22,16.88,80.6,170.8,18.8,6.76
9/24/2022,42.75,13.4,7.74,14.28,10.7,189,189.5,10.5,6.24,30.8,76.45,190,22.52,12.29
9/25/2022,49,14,11,14.28,38.5,214.2,233.75,12.95,7.24,30.6,92.25,230.3,19.42,17.63
9/26/2022,52,18.3,7.56,15.44,166.2,197.4,264,37.63,25.8,83.52,89,256.4,27.8,29.72
9/27/2022,49,21,6.3,10.52,141,216.6,264,39.95,23.4,93.14,123.4,262,32,40.4
9/28/2022,30.62,9.2,5.96,10.52,34.5,199.8,244.25,18.87,9.7,79.62,96.15,240.2,21.28,16.89
9/29/2022,25.41,10.77,5.28,10.52,19,174.2,189.5,13.45,7.8,55.32,83,182.8,17.51,9.1
9/30/2022,22,8.29,4,15.01,22.6,153.3,168.6,11.6,7.24,35,75.35,152,15.79,5.8
